Date,Treatment,Ceramide,Explant,FOV,ROI,ControlMO_DMSO,SMPD3MO_DMSO,SMPD3MO_C12Cer;10uM,SMPD3MO_C12Cer;50uM
20221022,ControlMO,DMSO,Explant1,FOV1,0003-0125-0206,388577.079042,,,
20221022,ControlMO,DMSO,Explant1,FOV1,0003-0564-0510,516892.17286600004,,,
20221022,ControlMO,DMSO,Explant1,FOV1,0003-0594-0408,186624.44675,,,
20221022,ControlMO,DMSO,Explant1,FOV1,0003-0637-0691,1147422.6002580002,,,
20221022,ControlMO,DMSO,Explant1,FOV1,0003-0744-0464,1194440.334632,,,
20221022,ControlMO,DMSO,Explant1,FOV2,0003-0116-0833,131184.62856,,,
20221022,ControlMO,DMSO,Explant1,FOV2,0003-0162-0726,193661.395992,,,
20221022,ControlMO,DMSO,Explant1,FOV2,0003-0219-0836,40820.293128,,,
20221022,ControlMO,DMSO,Explant1,FOV2,0003-0292-0748,74223.85460800001,,,
20221022,ControlMO,DMSO,Explant1,FOV2,0003-0347-0631,61846.26480000001,,,
20221022,ControlMO,DMSO,Explant1,FOV2,0003-0568-0093,95554.94418399999,,,
20221022,ControlMO,DMSO,Explant1,FOV3,0003-0175-0318,61845.66783200001,,,
20221022,ControlMO,DMSO,Explant1,FOV3,0003-0321-0920,81183.20178399999,,,
20221022,ControlMO,DMSO,Explant1,FOV3,0003-0352-0280,46387.165488,,,
20221022,ControlMO,DMSO,Explant1,FOV3,0003-0354-0542,29524.941712,,,
20221022,ControlMO,DMSO,Explant1,FOV3,0003-0926-0332,13892.013247999996,,,
20221022,ControlMO,DMSO,Explant1,FOV4,0003-0201-0356,258096.245585,,,
20221022,ControlMO,DMSO,Explant1,FOV4,0003-0247-0884,161382.781099,,,
20221022,ControlMO,DMSO,Explant1,FOV4,0003-0274-0380,149227.677449,,,
20221022,ControlMO,DMSO,Explant1,FOV4,0003-0411-0572,127476.063956,,,
20221022,ControlMO,DMSO,Explant1,FOV4,0003-0747-0481,299735.01120199997,,,
20221022,ControlMO,DMSO,Explant1,FOV5,0003-0058-0300,210832.83406199998,,,
20221022,ControlMO,DMSO,Explant1,FOV5,0003-0259-0684,128987.05963200002,,,
20221022,ControlMO,DMSO,Explant1,FOV5,0003-0481-0366,126757.62360199999,,,
20221022,ControlMO,DMSO,Explant1,FOV5,0003-0486-0481,37295.300193999996,,,
20221022,ControlMO,DMSO,Explant1,FOV5,0003-0569-0727,97230.222084,,,
20221022,ControlMO,DMSO,Explant1,FOV5,0003-0571-0616,150137.60685,,,
20221022,ControlMO,DMSO,Explant1,FOV5,0003-0706-0446,262920.25416,,,
20221022,ControlMO,DMSO,Explant1,FOV5,0003-0873-0126,227193.524984,,,
20221022,ControlMO,DMSO,Explant1,FOV5,0003-0956-0288,31314.956419999995,,,
20221022,ControlMO,DMSO,Explant2,FOV1,0002-0184-0146,420874.17515699996,,,
20221022,ControlMO,DMSO,Explant2,FOV1,0003-0156-0877,265448.845927,,,
20221022,ControlMO,DMSO,Explant2,FOV1,0003-0184-0351,299244.09329600004,,,
20221022,ControlMO,DMSO,Explant2,FOV1,0003-0276-0541,251923.690893,,,
20221022,ControlMO,DMSO,Explant2,FOV1,0003-0335-0727,776703.34044,,,
20221022,ControlMO,DMSO,Explant2,FOV1,0003-0417-0623,250603.112714,,,
20221022,ControlMO,DMSO,Explant2,FOV1,0003-0521-0366,190997.04332899998,,,
20221022,ControlMO,DMSO,Explant2,FOV1,0003-0559-0220,1022076.4931700001,,,
20221022,ControlMO,DMSO,Explant2,FOV1,0003-0629-0731,437566.69267400005,,,
20221022,ControlMO,DMSO,Explant2,FOV1,0003-0673-0301,57282.09728800001,,,
20221022,ControlMO,DMSO,Explant2,FOV1,0003-0688-0118,490766.94943800004,,,
20221022,ControlMO,DMSO,Explant2,FOV1,0003-0724-0520,113406.253648,,,
20221022,ControlMO,DMSO,Explant2,FOV1,0003-0733-0887,881871.582252,,,
20221022,ControlMO,DMSO,Explant2,FOV1,0003-0739-0255,58410.62856,,,
20221022,ControlMO,DMSO,Explant2,FOV1,0003-0841-0661,67118.913931,,,
20221022,ControlMO,DMSO,Explant2,FOV1,0003-0863-0189,49224.397451000004,,,
20221022,ControlMO,DMSO,Explant2,FOV1,0003-0924-0846,256116.930743,,,
20221022,ControlMO,DMSO,Explant2,FOV2,0003-0102-0446,838587.1242000001,,,
20221022,ControlMO,DMSO,Explant2,FOV2,0003-0110-0596,1749490.0510999998,,,
20221022,ControlMO,DMSO,Explant2,FOV2,0003-0170-0112,237342.4576,,,
20221022,ControlMO,DMSO,Explant2,FOV2,0003-0331-0329,184283.6837,,,
20221022,ControlMO,DMSO,Explant2,FOV2,0003-0363-0816,99758.97669999998,,,
20221022,ControlMO,DMSO,Explant2,FOV2,0003-0382-0392,323518.5574,,,
20221022,ControlMO,DMSO,Explant2,FOV2,0003-0524-0416,467155.7059,,,
20221022,ControlMO,DMSO,Explant2,FOV2,0003-0662-0629,44037.37539999999,,,
20221022,ControlMO,DMSO,Explant2,FOV2,0003-0802-0160,400659.4076,,,
20221022,ControlMO,DMSO,Explant2,FOV2,0003-0823-0131,74733.7665,,,
20221022,ControlMO,DMSO,Explant2,FOV2,0003-0843-0807,205611.907,,,
20221022,ControlMO,DMSO,Explant2,FOV2,0003-0872-0064,130773.1261,,,
20221022,ControlMO,DMSO,Explant2,FOV3,0003-0083-0807,391249.883884,,,
20221022,ControlMO,DMSO,Explant2,FOV3,0003-0087-0695,577881.55656,,,
20221022,ControlMO,DMSO,Explant2,FOV3,0003-0124-0279,453722.785383,,,
20221022,ControlMO,DMSO,Explant2,FOV3,0003-0196-0159,194228.17457700003,,,
20221022,ControlMO,DMSO,Explant2,FOV3,0003-0225-0737,436679.39367300004,,,
20221022,ControlMO,DMSO,Explant2,FOV3,0003-0257-0572,203358.12796,,,
20221022,ControlMO,DMSO,Explant2,FOV3,0003-0268-0205,129956.54845200002,,,
20221022,ControlMO,DMSO,Explant2,FOV3,0003-0331-0966,53882.527074000005,,,
20221022,ControlMO,DMSO,Explant2,FOV3,0003-0378-0137,264907.840258,,,
20221022,ControlMO,DMSO,Explant2,FOV3,0003-0459-0813,110450.538872,,,
20221022,ControlMO,DMSO,Explant2,FOV3,0003-0471-0517,652287.7183139999,,,
20221022,ControlMO,DMSO,Explant2,FOV3,0003-0489-0892,95367.548396,,,
20221022,ControlMO,DMSO,Explant2,FOV3,0003-0526-0728,516373.182651,,,
20221022,ControlMO,DMSO,Explant2,FOV3,0003-0672-0612,115858.94515399999,,,
20221022,ControlMO,DMSO,Explant2,FOV3,0003-0692-0484,1833039.306253,,,
20221022,ControlMO,DMSO,Explant2,FOV3,0003-0880-0486,258435.32561,,,
20221022,ControlMO,DMSO,Explant2,FOV4,0003-0112-0524,463309.215416,,,
20221022,ControlMO,DMSO,Explant2,FOV4,0003-0207-0471,220216.87767999998,,,
20221022,ControlMO,DMSO,Explant2,FOV4,0003-0495-0465,268640.90791999997,,,
20221022,ControlMO,DMSO,Explant2,FOV4,0003-0608-0124,49308.237903999994,,,
20221022,ControlMO,DMSO,Explant2,FOV4,0003-0640-0239,47468.20069599999,,,
20221022,ControlMO,DMSO,Explant2,FOV4,0003-0651-0157,55614.14496,,,
20221022,ControlMO,DMSO,Explant2,FOV4,0003-0795-0818,377100.95488800004,,,
20221022,ControlMO,DMSO,Explant2,FOV4,0003-0839-0398,708343.9723759999,,,
20221022,ControlMO,DMSO,Explant2,FOV4,0003-0870-0155,158464.79791999998,,,
20221022,ControlMO,DMSO,Explant2,FOV4,0003-0877-0261,444602.976352,,,
20221022,ControlMO,DMSO,Explant4,FOV1,0003-0144-0738,349862.129129,,,
20221022,ControlMO,DMSO,Explant4,FOV1,0003-0204-0810,155405.6642,,,
20221022,ControlMO,DMSO,Explant4,FOV1,0003-0418-0382,892975.387932,,,
20221022,ControlMO,DMSO,Explant4,FOV1,0003-0419-0686,353908.94695899996,,,
20221022,ControlMO,DMSO,Explant4,FOV1,0003-0422-0191,213075.84856999997,,,
20221022,ControlMO,DMSO,Explant4,FOV1,0003-0591-0613,532869.674663,,,
20221022,ControlMO,DMSO,Explant4,FOV2,0002-0195-0447,326633.71473,,,
20221022,ControlMO,DMSO,Explant4,FOV2,0002-0451-0582,329426.746574,,,
20221022,ControlMO,DMSO,Explant4,FOV2,0002-0481-0804,741809.52675,,,
20221022,ControlMO,DMSO,Explant4,FOV2,0002-0571-0683,37455.355947,,,
20221022,ControlMO,DMSO,Explant4,FOV2,0002-0781-0770,208502.391296,,,
20221022,ControlMO,DMSO,Explant4,FOV2,0003-0410-0253,115015.381773,,,
20221022,ControlMO,DMSO,Explant4,FOV3,0003-0079-0467,139304.739375,,,
20221022,ControlMO,DMSO,Explant4,FOV3,0003-0196-0695,29520.147749999996,,,
20221022,ControlMO,DMSO,Explant4,FOV3,0003-0253-0400,134392.684625,,,
20221022,ControlMO,DMSO,Explant4,FOV3,0003-0596-0678,223062.57262499997,,,
20221022,ControlMO,DMSO,Explant4,FOV3,0003-0643-0468,58141.054125,,,
20221022,ControlMO,DMSO,Explant4,FOV3,0003-0706-0731,123118.02724999998,,,
20221022,ControlMO,DMSO,Explant4,FOV3,0003-0722-0330,73467.73287499999,,,
20221022,ControlMO,DMSO,Explant4,FOV3,0003-0863-0634,152547.534,,,
20221022,ControlMO,DMSO,Explant4,FOV3,0003-0906-0191,74443.629625,,,
20221022,ControlMO,DMSO,Explant4,FOV4,0003-0072-0522,269772.324312,,,
20221022,ControlMO,DMSO,Explant4,FOV4,0003-0283-0725,46111.972274000014,,,
20221022,ControlMO,DMSO,Explant4,FOV4,0003-0289-0877,80269.09386999998,,,
20221022,ControlMO,DMSO,Explant4,FOV4,0003-0330-0815,16814.049307999987,,,
20221022,ControlMO,DMSO,Explant4,FOV4,0003-0375-0237,113210.51173799999,,,
20221022,ControlMO,DMSO,Explant4,FOV4,0003-0556-0613,58668.941413999986,,,
20221022,ControlMO,DMSO,Explant4,FOV4,0003-0582-0417,77343.089882,,,
20221022,ControlMO,DMSO,Explant4,FOV4,0003-0619-0548,287640.881916,,,
20221022,ControlMO,DMSO,Explant4,FOV4,0003-0625-0179,67149.176782,,,
20221022,ControlMO,DMSO,Explant4,FOV4,0003-0678-0356,331527.822094,,,
20221022,ControlMO,DMSO,Explant5,FOV1,0003-0216-0785,128993.13257100001,,,
20221022,ControlMO,DMSO,Explant5,FOV1,0003-0639-0145,137762.99203099997,,,
20221022,ControlMO,DMSO,Explant5,FOV1,0003-0790-0222,195516.567404,,,
20221022,ControlMO,DMSO,Explant5,FOV2,0003-0123-0417,662600.31184,,,
20221022,ControlMO,DMSO,Explant5,FOV2,0003-0172-0111,145453.901368,,,
20221022,ControlMO,DMSO,Explant5,FOV2,0003-0311-0793,38983.105744,,,
20221022,ControlMO,DMSO,Explant5,FOV2,0003-0382-0266,144792.309184,,,
20221022,ControlMO,DMSO,Explant5,FOV2,0003-0425-0548,47202.38068,,,
20221022,ControlMO,DMSO,Explant5,FOV2,0003-0442-0854,35011.06905600001,,,
20221022,ControlMO,DMSO,Explant5,FOV2,0003-0450-0276,122770.43896800002,,,
20221022,ControlMO,DMSO,Explant5,FOV2,0003-0474-0527,79104.665088,,,
20221022,ControlMO,DMSO,Explant5,FOV2,0003-0636-0366,59361.440968,,,
20221022,ControlMO,DMSO,Explant5,FOV3,0003-0270-0587,157195.71531200001,,,
20221022,ControlMO,DMSO,Explant5,FOV3,0003-0390-0814,40165.574768,,,
20221022,ControlMO,DMSO,Explant5,FOV3,0003-0394-0706,130833.93274999999,,,
20221022,ControlMO,DMSO,Explant5,FOV3,0003-0418-0586,223305.78397800002,,,
20221022,ControlMO,DMSO,Explant5,FOV3,0003-0469-0728,458736.55579,,,
20221022,ControlMO,DMSO,Explant5,FOV3,0003-0484-0643,94909.21456200001,,,
20221022,ControlMO,DMSO,Explant5,FOV3,0003-0547-0074,636462.0675840001,,,
20221022,ControlMO,DMSO,Explant5,FOV3,0003-0549-0563,54983.51325599999,,,
20221022,ControlMO,DMSO,Explant5,FOV3,0003-0580-0933,480571.37944200006,,,
20221022,ControlMO,DMSO,Explant5,FOV3,0003-0660-0586,186665.907688,,,
20221022,ControlMO,DMSO,Explant5,FOV3,0003-0690-0189,311613.113378,,,
20221022,ControlMO,DMSO,Explant5,FOV3,0003-0754-0596,195165.56776,,,
20221022,SMPD3MO,C12Cer;10uM,Explant1,FOV1,0003-0316-0833,,,917449.8360519999,
20221022,SMPD3MO,C12Cer;10uM,Explant1,FOV1,0003-0409-0659,,,236041.811948,
20221022,SMPD3MO,C12Cer;10uM,Explant1,FOV1,0003-0440-0809,,,200691.47249600003,
20221022,SMPD3MO,C12Cer;10uM,Explant1,FOV1,0003-0694-0178,,,511033.966896,
20221022,SMPD3MO,C12Cer;10uM,Explant1,FOV2,0001-0731-0517,,,906122.9111329999,
20221022,SMPD3MO,C12Cer;10uM,Explant1,FOV2,0003-0612-0258,,,1081045.416619,
20221022,SMPD3MO,C12Cer;10uM,Explant1,FOV2,0003-0712-0916,,,422228.165216,
20221022,SMPD3MO,C12Cer;10uM,Explant1,FOV2,0003-0801-0196,,,1149994.1869859998,
20221022,SMPD3MO,C12Cer;10uM,Explant1,FOV3,0001-0293-0464,,,219843.20504799997,
20221022,SMPD3MO,C12Cer;10uM,Explant1,FOV3,0001-0447-0216,,,146641.507424,
20221022,SMPD3MO,C12Cer;10uM,Explant1,FOV3,0001-0592-0219,,,167130.78313599998,
20221022,SMPD3MO,C12Cer;10uM,Explant1,FOV3,0001-0728-0097,,,200633.267056,
20221022,SMPD3MO,C12Cer;10uM,Explant1,FOV3,0001-0748-0602,,,91520.11892,
20221022,SMPD3MO,C12Cer;10uM,Explant1,FOV3,0001-0820-0639,,,130022.87751999998,
20221022,SMPD3MO,C12Cer;10uM,Explant1,FOV3,0001-0950-0412,,,193665.66724799998,
20221022,SMPD3MO,C12Cer;10uM,Explant2,FOV1,0003-0093-0460,,,196860.36802400002,
20221022,SMPD3MO,C12Cer;10uM,Explant2,FOV1,0003-0116-0583,,,549401.44721,
20221022,SMPD3MO,C12Cer;10uM,Explant2,FOV1,0003-0129-0931,,,201449.152902,
20221022,SMPD3MO,C12Cer;10uM,Explant2,FOV1,0003-0149-0293,,,295982.721345,
20221022,SMPD3MO,C12Cer;10uM,Explant2,FOV1,0003-0168-0792,,,67795.372446,
20221022,SMPD3MO,C12Cer;10uM,Explant2,FOV1,0003-0321-0881,,,142318.306293,
20221022,SMPD3MO,C12Cer;10uM,Explant2,FOV1,0003-0347-0384,,,316852.14916599996,
20221022,SMPD3MO,C12Cer;10uM,Explant2,FOV1,0003-0395-0772,,,42065.360103,
20221022,SMPD3MO,C12Cer;10uM,Explant2,FOV1,0003-0580-0865,,,377636.92154700006,
20221022,SMPD3MO,C12Cer;10uM,Explant2,FOV1,0003-0601-0154,,,113666.95613800002,
20221022,SMPD3MO,C12Cer;10uM,Explant2,FOV1,0003-0616-0369,,,60443.005812,
20221022,SMPD3MO,C12Cer;10uM,Explant2,FOV1,0003-0617-0771,,,390520.224844,
20221022,SMPD3MO,C12Cer;10uM,Explant2,FOV1,0003-0664-0587,,,39145.779131,
20221022,SMPD3MO,C12Cer;10uM,Explant2,FOV1,0003-0688-0703,,,289186.757394,
20221022,SMPD3MO,C12Cer;10uM,Explant2,FOV1,0003-0715-0344,,,19320.213782,
20221022,SMPD3MO,C12Cer;10uM,Explant2,FOV1,0003-0753-0568,,,20077.621956999996,
20221022,SMPD3MO,C12Cer;10uM,Explant2,FOV1,0003-0754-0752,,,292081.62613899994,
20221022,SMPD3MO,C12Cer;10uM,Explant2,FOV1,0003-0886-0454,,,87477.352191,
20221022,SMPD3MO,C12Cer;10uM,Explant2,FOV1,0003-0929-0554,,,102714.577062,
20221022,SMPD3MO,C12Cer;10uM,Explant2,FOV2,0003-0064-0690,,,21385.531052000006,
20221022,SMPD3MO,C12Cer;10uM,Explant2,FOV2,0003-0154-0333,,,161053.82998399998,
20221022,SMPD3MO,C12Cer;10uM,Explant2,FOV2,0003-0174-0684,,,691243.6854679999,
20221022,SMPD3MO,C12Cer;10uM,Explant2,FOV2,0003-0208-0411,,,194264.078576,
20221022,SMPD3MO,C12Cer;10uM,Explant2,FOV2,0003-0338-0500,,,164783.44183999998,
20221022,SMPD3MO,C12Cer;10uM,Explant2,FOV2,0003-0514-0400,,,150793.938572,
20221022,SMPD3MO,C12Cer;10uM,Explant2,FOV2,0003-0549-0270,,,24417.26580000001,
20221022,SMPD3MO,C12Cer;10uM,Explant2,FOV2,0003-0698-0916,,,10547.558952000021,
20221022,SMPD3MO,C12Cer;10uM,Explant2,FOV2,0003-0709-0352,,,77641.58437600004,
20221022,SMPD3MO,C12Cer;10uM,Explant2,FOV2,0003-0890-0618,,,54912.21711200001,
20221022,SMPD3MO,C12Cer;10uM,Explant2,FOV2,0003-0918-0849,,,32798.36698000002,
20221022,SMPD3MO,C12Cer;10uM,Explant2,FOV3,0001-0252-0385,,,104166.90516,
20221022,SMPD3MO,C12Cer;10uM,Explant2,FOV3,0001-0323-0458,,,133805.07023199997,
20221022,SMPD3MO,C12Cer;10uM,Explant2,FOV3,0002-0072-0897,,,127592.780968,
20221022,SMPD3MO,C12Cer;10uM,Explant2,FOV3,0002-0135-0884,,,436841.380488,
20221022,SMPD3MO,C12Cer;10uM,Explant2,FOV3,0002-0164-0938,,,58079.76152,
20221022,SMPD3MO,C12Cer;10uM,Explant2,FOV3,0002-0199-0561,,,411768.90067999996,
20221022,SMPD3MO,C12Cer;10uM,Explant2,FOV3,0002-0398-0198,,,259964.902856,
20221022,SMPD3MO,C12Cer;10uM,Explant2,FOV3,0003-0100-0081,,,157548.970696,
20221022,SMPD3MO,C12Cer;10uM,Explant2,FOV3,0003-0118-0253,,,44986.837048,
20221022,SMPD3MO,C12Cer;10uM,Explant2,FOV3,0003-0658-0757,,,22572.364232000007,
20221022,SMPD3MO,C12Cer;10uM,Explant2,FOV3,0003-0668-0414,,,284548.664864,
20221022,SMPD3MO,C12Cer;10uM,Explant2,FOV3,0003-0704-0843,,,68693.31612799999,
20221022,SMPD3MO,C12Cer;10uM,Explant2,FOV3,0003-0710-0102,,,10712.740951999964,
20221022,SMPD3MO,C12Cer;10uM,Explant2,FOV3,0003-0751-0500,,,147303.246408,
20221022,SMPD3MO,C12Cer;10uM,Explant2,FOV3,0003-0840-0765,,,105712.83839199999,
20221022,SMPD3MO,C12Cer;10uM,Explant2,FOV3,0003-0841-0870,,,54236.65163999998,
20221022,SMPD3MO,C12Cer;10uM,Explant2,FOV4,0001-0258-0763,,,80354.1528,
20221022,SMPD3MO,C12Cer;10uM,Explant2,FOV4,0001-0369-0792,,,533445.2517250001,
20221022,SMPD3MO,C12Cer;10uM,Explant2,FOV4,0001-0478-0248,,,81325.99420000002,
20221022,SMPD3MO,C12Cer;10uM,Explant2,FOV4,0001-0523-0857,,,69331.55764999999,
20221022,SMPD3MO,C12Cer;10uM,Explant2,FOV4,0003-0264-0323,,,259716.103275,
20221022,SMPD3MO,C12Cer;10uM,Explant2,FOV4,0003-0304-0128,,,192760.42059999998,
20221022,SMPD3MO,C12Cer;10uM,Explant2,FOV4,0003-0405-0602,,,159956.6274,
20221022,SMPD3MO,C12Cer;10uM,Explant2,FOV4,0003-0685-0563,,,30919.26182500001,
20221022,SMPD3MO,C12Cer;10uM,Explant2,FOV4,0003-0698-0373,,,97192.25795000003,
20221022,SMPD3MO,C12Cer;10uM,Explant2,FOV4,0003-0735-0493,,,323646.3596,
20221022,SMPD3MO,C12Cer;10uM,Explant2,FOV4,0003-0852-0358,,,67492.73455,
20221022,SMPD3MO,C12Cer;10uM,Explant2,FOV4,0003-0885-0737,,,216738.53245,
20221022,SMPD3MO,C12Cer;10uM,Explant2,FOV5,0003-0231-0092,,,13021.995231000008,
20221022,SMPD3MO,C12Cer;10uM,Explant2,FOV5,0003-0382-0536,,,58113.419972,
20221022,SMPD3MO,C12Cer;10uM,Explant2,FOV5,0003-0420-0222,,,215962.87401099998,
20221022,SMPD3MO,C12Cer;10uM,Explant2,FOV5,0003-0443-0104,,,62018.86933300001,
20221022,SMPD3MO,C12Cer;10uM,Explant2,FOV5,0003-0531-0207,,,20161.90539500001,
20221022,SMPD3MO,C12Cer;10uM,Explant2,FOV5,0003-0571-0653,,,577366.401618,
20221022,SMPD3MO,C12Cer;10uM,Explant2,FOV5,0003-0700-0840,,,42169.78897600001,
20221022,SMPD3MO,C12Cer;10uM,Explant2,FOV6,0001-0182-0320,,,25693.000602000015,
20221022,SMPD3MO,C12Cer;10uM,Explant2,FOV6,0001-0306-0304,,,242585.35688699997,
20221022,SMPD3MO,C12Cer;10uM,Explant2,FOV6,0001-0404-0813,,,32686.279152999996,
20221022,SMPD3MO,C12Cer;10uM,Explant2,FOV6,0001-0729-0390,,,67539.52239200001,
20221022,SMPD3MO,C12Cer;10uM,Explant2,FOV6,0001-0764-0263,,,180807.33899,
20221022,SMPD3MO,C12Cer;10uM,Explant3,FOV1,0002-0526-0463,,,189308.893808,
20221022,SMPD3MO,C12Cer;10uM,Explant3,FOV1,0002-0539-0537,,,211526.608228,
20221022,SMPD3MO,C12Cer;10uM,Explant3,FOV1,0002-0559-0742,,,378464.338252,
20221022,SMPD3MO,C12Cer;10uM,Explant3,FOV1,0002-0572-0859,,,349345.848244,
20221022,SMPD3MO,C12Cer;10uM,Explant3,FOV1,0002-0656-0774,,,83224.59366400001,
20221022,SMPD3MO,C12Cer;10uM,Explant3,FOV1,0002-0697-0724,,,154626.478864,
20221022,SMPD3MO,C12Cer;10uM,Explant3,FOV1,0003-0226-0282,,,218102.486072,
20221022,SMPD3MO,C12Cer;10uM,Explant3,FOV1,0003-0393-0552,,,387123.929016,
20221022,SMPD3MO,C12Cer;10uM,Explant3,FOV1,0003-0409-0092,,,107477.42326400001,
20221022,SMPD3MO,C12Cer;10uM,Explant3,FOV1,0003-0605-0511,,,42375.613236,
20221022,SMPD3MO,C12Cer;10uM,Explant3,FOV1,0003-0644-0489,,,92946.447096,
20221022,SMPD3MO,C12Cer;10uM,Explant3,FOV1,0003-0727-0292,,,37088.719152000005,
20221022,SMPD3MO,C12Cer;10uM,Explant3,FOV1,0003-0735-0472,,,320496.68844,
20221022,SMPD3MO,C12Cer;10uM,Explant3,FOV1,0003-0853-0377,,,344109.597104,
20221022,SMPD3MO,C12Cer;10uM,Explant3,FOV2,0003-0256-0353,,,347947.75165199995,
20221022,SMPD3MO,C12Cer;10uM,Explant3,FOV2,0003-0481-0064,,,307942.79392,
20221022,SMPD3MO,C12Cer;10uM,Explant3,FOV2,0003-0523-0522,,,92635.03352599998,
20221022,SMPD3MO,C12Cer;10uM,Explant3,FOV2,0003-0535-0416,,,122005.623939,
20221022,SMPD3MO,C12Cer;10uM,Explant3,FOV2,0003-0579-0665,,,125778.412786,
20221022,SMPD3MO,C12Cer;10uM,Explant3,FOV2,0003-0601-0133,,,165144.940324,
20221022,SMPD3MO,C12Cer;10uM,Explant3,FOV2,0003-0627-0614,,,365174.06618,
20221022,SMPD3MO,C12Cer;10uM,Explant3,FOV2,0003-0648-0105,,,97828.125914,
20221022,SMPD3MO,C12Cer;10uM,Explant3,FOV2,0003-0669-0221,,,95456.20065999999,
20221022,SMPD3MO,C12Cer;10uM,Explant3,FOV2,0003-0759-0412,,,638471.8736459999,
20221022,SMPD3MO,C12Cer;10uM,Explant3,FOV2,0003-0922-0195,,,497089.50654499995,
20221022,SMPD3MO,C12Cer;10uM,Explant3,FOV2,0003-0935-0332,,,492428.983899,
20221022,SMPD3MO,C12Cer;10uM,Explant3,FOV3,0001-0516-0852,,,38140.02404000001,
20221022,SMPD3MO,C12Cer;10uM,Explant3,FOV3,0001-0666-0806,,,232598.18420600003,
20221022,SMPD3MO,C12Cer;10uM,Explant3,FOV3,0003-0221-0521,,,232032.784254,
20221022,SMPD3MO,C12Cer;10uM,Explant3,FOV3,0003-0320-0335,,,700765.927214,
20221022,SMPD3MO,C12Cer;10uM,Explant3,FOV3,0003-0912-0252,,,176578.137421,
20221022,SMPD3MO,C12Cer;10uM,Explant3,FOV4,0003-0191-0479,,,82887.78358500001,
20221022,SMPD3MO,C12Cer;10uM,Explant3,FOV4,0003-0299-0295,,,69942.57176899999,
20221022,SMPD3MO,C12Cer;10uM,Explant3,FOV4,0003-0352-0558,,,35534.37990900001,
20221022,SMPD3MO,C12Cer;10uM,Explant3,FOV4,0003-0376-0189,,,280106.169314,
20221022,SMPD3MO,C12Cer;10uM,Explant3,FOV4,0003-0504-0852,,,171910.30791800003,
20221022,SMPD3MO,C12Cer;10uM,Explant3,FOV4,0003-0523-0308,,,256727.35854800002,
20221022,SMPD3MO,C12Cer;10uM,Explant3,FOV4,0003-0610-0261,,,427734.459389,
20221022,SMPD3MO,C12Cer;10uM,Explant3,FOV4,0003-0612-0418,,,152700.72303,
20221022,SMPD3MO,C12Cer;10uM,Explant3,FOV4,0003-0652-0221,,,895773.829799,
20221022,SMPD3MO,C12Cer;10uM,Explant3,FOV4,0003-0656-0325,,,155852.822079,
20221022,SMPD3MO,C12Cer;10uM,Explant3,FOV4,0003-0937-0430,,,63179.623335000004,
20221022,SMPD3MO,C12Cer;10uM,Explant3,FOV5,0001-0364-0856,,,492121.1379,
20221022,SMPD3MO,C12Cer;10uM,Explant3,FOV5,0001-0403-0472,,,313602.20261000004,
20221022,SMPD3MO,C12Cer;10uM,Explant3,FOV5,0001-0569-0283,,,151024.03651499999,
20221022,SMPD3MO,C12Cer;10uM,Explant3,FOV5,0001-0668-0522,,,68253.480455,
20221022,SMPD3MO,C12Cer;10uM,Explant3,FOV5,0001-0739-0911,,,138553.30199,
20221022,SMPD3MO,C12Cer;10uM,Explant3,FOV5,0001-0758-0603,,,154239.050125,
20221022,SMPD3MO,C12Cer;10uM,Explant3,FOV5,0001-0861-0548,,,160545.44327999998,
20221022,SMPD3MO,C12Cer;10uM,Explant3,FOV5,0001-0869-0436,,,144589.73882,
20221022,SMPD3MO,C12Cer;10uM,Explant3,FOV5,0003-0319-0367,,,75641.563105,
20221022,SMPD3MO,C12Cer;10uM,Explant5,FOV1,0003-0238-0363,,,159141.09495,
20221022,SMPD3MO,C12Cer;10uM,Explant5,FOV1,0003-0370-0276,,,161348.81825999997,
20221022,SMPD3MO,C12Cer;10uM,Explant5,FOV1,0003-0470-0402,,,981840.9129300001,
20221022,SMPD3MO,C12Cer;10uM,Explant5,FOV1,0003-0688-0388,,,226235.04376000003,
20221022,SMPD3MO,C12Cer;10uM,Explant5,FOV1,0003-0867-0882,,,14669.211970000004,
20221022,SMPD3MO,C12Cer;10uM,Explant5,FOV2,0001-0417-0430,,,548596.6175,
20221022,SMPD3MO,C12Cer;10uM,Explant5,FOV2,0001-0450-0229,,,201051.72264999998,
20221022,SMPD3MO,C12Cer;10uM,Explant5,FOV2,0001-0576-0493,,,198830.18565000003,
20221022,SMPD3MO,C12Cer;10uM,Explant5,FOV2,0001-0721-0423,,,458141.86165999994,
20221022,SMPD3MO,C12Cer;10uM,Explant5,FOV2,0001-0789-0430,,,163861.62384000001,
20221022,SMPD3MO,C12Cer;10uM,Explant5,FOV2,0003-0145-0441,,,429278.58065,
20221022,SMPD3MO,C12Cer;10uM,Explant5,FOV2,0003-0150-0256,,,159478.65666,
20221022,SMPD3MO,C12Cer;10uM,Explant5,FOV2,0003-0247-0239,,,187520.62225999997,
20221022,SMPD3MO,C12Cer;10uM,Explant5,FOV2,0003-0380-0943,,,138649.61386,
20221022,SMPD3MO,C12Cer;10uM,Explant5,FOV2,0003-0634-0734,,,296789.92397,
20221022,SMPD3MO,C12Cer;10uM,Explant5,FOV2,0003-0711-0706,,,400696.77858000004,
20221022,SMPD3MO,C12Cer;10uM,Explant5,FOV2,0003-0891-0480,,,96849.06022999999,
20221022,SMPD3MO,C12Cer;10uM,Explant5,FOV3,0001-0077-0520,,,549600.178447,
20221022,SMPD3MO,C12Cer;10uM,Explant5,FOV3,0001-0183-0455,,,61422.855943,
20221022,SMPD3MO,C12Cer;10uM,Explant5,FOV3,0001-0262-0753,,,590898.3549520001,
20221022,SMPD3MO,C12Cer;10uM,Explant5,FOV3,0001-0318-0164,,,153942.14643000002,
20221022,SMPD3MO,C12Cer;10uM,Explant5,FOV3,0001-0332-0850,,,192518.02607499994,
20221022,SMPD3MO,C12Cer;10uM,Explant5,FOV3,0001-0343-0574,,,262614.079561,
20221022,SMPD3MO,C12Cer;10uM,Explant5,FOV3,0001-0415-0416,,,130596.811682,
20221022,SMPD3MO,C12Cer;10uM,Explant5,FOV3,0001-0432-0509,,,123384.470938,
20221022,SMPD3MO,C12Cer;10uM,Explant5,FOV3,0001-0461-0718,,,155771.718436,
20221022,SMPD3MO,C12Cer;10uM,Explant5,FOV3,0001-0482-0851,,,222450.13977,
20221022,SMPD3MO,C12Cer;10uM,Explant5,FOV3,0001-0529-0822,,,116560.71219699999,
20221022,SMPD3MO,C12Cer;10uM,Explant5,FOV3,0001-0570-0616,,,315936.473237,
20221022,SMPD3MO,C12Cer;10uM,Explant5,FOV3,0001-0574-0498,,,399732.413407,
20221022,SMPD3MO,C12Cer;10uM,Explant5,FOV3,0001-0632-0748,,,200779.704844,
20221022,SMPD3MO,C12Cer;10uM,Explant5,FOV3,0001-0696-0149,,,258095.982523,
20221022,SMPD3MO,C12Cer;10uM,Explant5,FOV3,0001-0721-0715,,,50356.333663,
20221022,SMPD3MO,C12Cer;10uM,Explant5,FOV3,0001-0752-0553,,,161044.731409,
20221022,SMPD3MO,C12Cer;10uM,Explant5,FOV3,0001-0795-0418,,,238736.20937,
20221022,SMPD3MO,C12Cer;10uM,Explant5,FOV3,0001-0839-0683,,,301765.701258,
20221022,SMPD3MO,C12Cer;10uM,Explant5,FOV4,0001-0275-0484,,,100347.6908,
20221022,SMPD3MO,C12Cer;10uM,Explant5,FOV4,0001-0314-0564,,,208335.4364,
20221022,SMPD3MO,C12Cer;10uM,Explant5,FOV4,0001-0737-0356,,,181732.0954,
20221022,SMPD3MO,C12Cer;10uM,Explant5,FOV4,0003-0164-0070,,,126276.8388,
20221022,SMPD3MO,C12Cer;10uM,Explant5,FOV4,0003-0521-0584,,,264971.3768,
20221022,SMPD3MO,C12Cer;10uM,Explant5,FOV4,0003-0657-0908,,,10827.861600000004,
20221022,SMPD3MO,C12Cer;10uM,Explant5,FOV4,0003-0928-0326,,,257722.56819999998,
20221022,SMPD3MO,C12Cer;10uM,Explant5,FOV5,0003-0182-0669,,,120774.29200000002,
20221022,SMPD3MO,C12Cer;10uM,Explant5,FOV5,0003-0185-0127,,,106410.11559999999,
20221022,SMPD3MO,C12Cer;10uM,Explant5,FOV5,0003-0367-0499,,,203463.14879999997,
20221022,SMPD3MO,C12Cer;10uM,Explant5,FOV5,0003-0383-0227,,,158107.38439999998,
20221022,SMPD3MO,C12Cer;10uM,Explant5,FOV5,0003-0420-0123,,,191056.40159999998,
20221022,SMPD3MO,C12Cer;10uM,Explant5,FOV5,0003-0488-0623,,,299701.18299999996,
20221022,SMPD3MO,C12Cer;10uM,Explant5,FOV5,0003-0553-0868,,,156900.25999999998,
20221022,SMPD3MO,C12Cer;10uM,Explant5,FOV5,0003-0682-0702,,,33245.98439999999,
20221022,SMPD3MO,C12Cer;10uM,Explant5,FOV5,0003-0776-0450,,,99875.118,
20221022,SMPD3MO,C12Cer;10uM,Explant5,FOV5,0003-0778-0122,,,421550.95599999995,
20221022,SMPD3MO,C12Cer;10uM,Explant5,FOV5,0003-0782-0850,,,494300.36399999994,
20221022,SMPD3MO,C12Cer;50uM,Explant1,FOV1,0003-0314-0374,,,,732729.420242
20221022,SMPD3MO,C12Cer;50uM,Explant1,FOV1,0003-0454-0422,,,,366691.76756199996
20221022,SMPD3MO,C12Cer;50uM,Explant1,FOV1,0003-0469-0561,,,,1451267.16204
20221022,SMPD3MO,C12Cer;50uM,Explant1,FOV1,0003-0536-0968,,,,214487.070268
20221022,SMPD3MO,C12Cer;50uM,Explant1,FOV1,0003-0552-0408,,,,311985.96235199994
20221022,SMPD3MO,C12Cer;50uM,Explant1,FOV1,0003-0598-0498,,,,380577.65655200003
20221022,SMPD3MO,C12Cer;50uM,Explant1,FOV1,0003-0625-0373,,,,507123.134486
20221022,SMPD3MO,C12Cer;50uM,Explant1,FOV1,0003-0655-0461,,,,191461.100234
20221022,SMPD3MO,C12Cer;50uM,Explant1,FOV1,0003-0692-0324,,,,215835.72525800002
20221022,SMPD3MO,C12Cer;50uM,Explant1,FOV1,0003-0695-0649,,,,319344.143892
20221022,SMPD3MO,C12Cer;50uM,Explant1,FOV1,0003-0702-0986,,,,107251.50998600002
20221022,SMPD3MO,C12Cer;50uM,Explant1,FOV1,0003-0737-0150,,,,202046.05167800002
20221022,SMPD3MO,C12Cer;50uM,Explant1,FOV1,0003-0847-0378,,,,449388.730286
20221022,SMPD3MO,C12Cer;50uM,Explant1,FOV2,0003-0159-0403,,,,288671.358646
20221022,SMPD3MO,C12Cer;50uM,Explant1,FOV2,0003-0282-0543,,,,386600.05261199997
20221022,SMPD3MO,C12Cer;50uM,Explant1,FOV2,0003-0328-0648,,,,178956.23738799998
20221022,SMPD3MO,C12Cer;50uM,Explant1,FOV2,0003-0332-0432,,,,370647.468706
20221022,SMPD3MO,C12Cer;50uM,Explant1,FOV2,0003-0490-0682,,,,115204.55728
20221022,SMPD3MO,C12Cer;50uM,Explant1,FOV2,0003-0522-0786,,,,409152.68255400006
20221022,SMPD3MO,C12Cer;50uM,Explant1,FOV2,0003-0719-0679,,,,681094.1894459999
20221022,SMPD3MO,C12Cer;50uM,Explant1,FOV2,0003-0870-0737,,,,716150.405242
20221022,SMPD3MO,C12Cer;50uM,Explant1,FOV3,0003-0131-0706,,,,161821.61746799998
20221022,SMPD3MO,C12Cer;50uM,Explant1,FOV3,0003-0138-0136,,,,577901.804706
20221022,SMPD3MO,C12Cer;50uM,Explant1,FOV3,0003-0184-0628,,,,111155.58845800001
20221022,SMPD3MO,C12Cer;50uM,Explant1,FOV3,0003-0186-0681,,,,314993.060782
20221022,SMPD3MO,C12Cer;50uM,Explant1,FOV3,0003-0222-0060,,,,838746.672378
20221022,SMPD3MO,C12Cer;50uM,Explant1,FOV3,0003-0282-0458,,,,371778.594986
20221022,SMPD3MO,C12Cer;50uM,Explant1,FOV3,0003-0290-0101,,,,756465.7089559999
20221022,SMPD3MO,C12Cer;50uM,Explant1,FOV3,0003-0291-0606,,,,353898.372194
20221022,SMPD3MO,C12Cer;50uM,Explant1,FOV3,0003-0350-0468,,,,719359.248368
20221022,SMPD3MO,C12Cer;50uM,Explant1,FOV3,0003-0412-0312,,,,300520.723184
20221022,SMPD3MO,C12Cer;50uM,Explant1,FOV3,0003-0430-0521,,,,601175.3411
20221022,SMPD3MO,C12Cer;50uM,Explant1,FOV3,0003-0544-0520,,,,354766.0537
20221022,SMPD3MO,C12Cer;50uM,Explant1,FOV3,0003-0809-0695,,,,393949.25742
20221022,SMPD3MO,C12Cer;50uM,Explant1,FOV4,0003-0058-0402,,,,538774.3235459999
20221022,SMPD3MO,C12Cer;50uM,Explant1,FOV4,0003-0171-0158,,,,528460.489842
20221022,SMPD3MO,C12Cer;50uM,Explant1,FOV4,0003-0262-0684,,,,400737.720232
20221022,SMPD3MO,C12Cer;50uM,Explant1,FOV4,0003-0271-0142,,,,557318.707886
20221022,SMPD3MO,C12Cer;50uM,Explant1,FOV4,0003-0354-0539,,,,348108.265244
20221022,SMPD3MO,C12Cer;50uM,Explant1,FOV4,0003-0375-0631,,,,592142.938386
20221022,SMPD3MO,C12Cer;50uM,Explant1,FOV4,0003-0563-0298,,,,317691.07166200003
20221022,SMPD3MO,C12Cer;50uM,Explant1,FOV4,0003-0836-0607,,,,274518.255916
20221022,SMPD3MO,C12Cer;50uM,Explant1,FOV4,0003-0865-0775,,,,445493.988922
20221022,SMPD3MO,C12Cer;50uM,Explant1,FOV5,0003-0444-0851,,,,734661.86605
20221022,SMPD3MO,C12Cer;50uM,Explant1,FOV5,0003-0526-0322,,,,65740.302862
20221022,SMPD3MO,C12Cer;50uM,Explant1,FOV5,0003-0549-0175,,,,188365.052866
20221022,SMPD3MO,C12Cer;50uM,Explant1,FOV5,0003-0594-0844,,,,353086.277562
20221022,SMPD3MO,C12Cer;50uM,Explant1,FOV5,0003-0674-0744,,,,201287.106822
20221022,SMPD3MO,C12Cer;50uM,Explant2,FOV1,0003-0337-0404,,,,234535.813308
20221022,SMPD3MO,C12Cer;50uM,Explant2,FOV1,0003-0371-0742,,,,206032.92223999999
20221022,SMPD3MO,C12Cer;50uM,Explant2,FOV1,0003-0412-0469,,,,371592.411772
20221022,SMPD3MO,C12Cer;50uM,Explant2,FOV1,0003-0485-0339,,,,375464.026564
20221022,SMPD3MO,C12Cer;50uM,Explant2,FOV1,0003-0518-0209,,,,401574.497388
20221022,SMPD3MO,C12Cer;50uM,Explant2,FOV2,0003-0251-0104,,,,751954.5199999999
20221022,SMPD3MO,C12Cer;50uM,Explant2,FOV2,0003-0304-0611,,,,1042548.9780000001
20221022,SMPD3MO,C12Cer;50uM,Explant2,FOV2,0003-0337-0119,,,,461036.52599999995
20221022,SMPD3MO,C12Cer;50uM,Explant2,FOV2,0003-0362-0423,,,,690027.8319999999
20221022,SMPD3MO,C12Cer;50uM,Explant2,FOV2,0003-0399-0238,,,,271019.721
20221022,SMPD3MO,C12Cer;50uM,Explant2,FOV2,0003-0402-0553,,,,135356.438
20221022,SMPD3MO,C12Cer;50uM,Explant2,FOV2,0003-0442-0333,,,,444215.353
20221022,SMPD3MO,C12Cer;50uM,Explant2,FOV2,0003-0759-0753,,,,901459.9890000001
20221022,SMPD3MO,C12Cer;50uM,Explant2,FOV2,0003-0808-0124,,,,977499.2129999999
20221022,SMPD3MO,C12Cer;50uM,Explant2,FOV3,0003-0095-0072,,,,244272.213562
20221022,SMPD3MO,C12Cer;50uM,Explant2,FOV3,0003-0279-0364,,,,285219.608802
20221022,SMPD3MO,C12Cer;50uM,Explant2,FOV3,0003-0315-0803,,,,540023.679322
20221022,SMPD3MO,C12Cer;50uM,Explant2,FOV3,0003-0346-0642,,,,881131.077286
20221022,SMPD3MO,C12Cer;50uM,Explant2,FOV3,0003-0427-0859,,,,477944.173386
20221022,SMPD3MO,C12Cer;50uM,Explant2,FOV3,0003-0433-0630,,,,296766.842778
20221022,SMPD3MO,C12Cer;50uM,Explant2,FOV3,0003-0561-0307,,,,1462414.4590999999
20221022,SMPD3MO,C12Cer;50uM,Explant2,FOV4,0003-0418-0789,,,,349293.477593
20221022,SMPD3MO,C12Cer;50uM,Explant2,FOV4,0003-0618-0627,,,,1116550.997304
20221022,SMPD3MO,C12Cer;50uM,Explant2,FOV4,0003-0839-0505,,,,1335260.71233
20221022,SMPD3MO,C12Cer;50uM,Explant3,FOV1,0001-0477-0873,,,,578891.812273
20221022,SMPD3MO,C12Cer;50uM,Explant3,FOV1,0001-0500-0771,,,,347096.750896
20221022,SMPD3MO,C12Cer;50uM,Explant3,FOV1,0001-0526-0839,,,,455033.374642
20221022,SMPD3MO,C12Cer;50uM,Explant3,FOV1,0001-0544-0543,,,,145514.84513499998
20221022,SMPD3MO,C12Cer;50uM,Explant3,FOV1,0001-0557-0601,,,,353517.131156
20221022,SMPD3MO,C12Cer;50uM,Explant3,FOV1,0001-0674-0592,,,,163186.82608799997
20221022,SMPD3MO,C12Cer;50uM,Explant3,FOV1,0001-0678-0501,,,,21144.095398
20221022,SMPD3MO,C12Cer;50uM,Explant3,FOV1,0001-0764-0454,,,,612726.180079
20221022,SMPD3MO,C12Cer;50uM,Explant3,FOV1,0001-0772-0777,,,,548562.3195379999
20221022,SMPD3MO,C12Cer;50uM,Explant3,FOV1,0001-0792-0897,,,,140754.72799
20221022,SMPD3MO,C12Cer;50uM,Explant3,FOV1,0001-0864-0433,,,,354523.95128000004
20221022,SMPD3MO,C12Cer;50uM,Explant3,FOV1,0002-0360-0558,,,,348373.856418
20221022,SMPD3MO,C12Cer;50uM,Explant3,FOV1,0002-0408-0386,,,,1355463.870747
20221022,SMPD3MO,C12Cer;50uM,Explant3,FOV1,0002-0412-0492,,,,1383543.8761170001
20221022,SMPD3MO,C12Cer;50uM,Explant3,FOV1,0002-0434-0178,,,,453330.735664
20221022,SMPD3MO,C12Cer;50uM,Explant3,FOV1,0003-0200-0478,,,,350814.295268
20221022,SMPD3MO,C12Cer;50uM,Explant3,FOV1,0003-0274-0867,,,,403455.14723899995
20221022,SMPD3MO,C12Cer;50uM,Explant3,FOV1,0003-0336-0454,,,,729411.143069
20221022,SMPD3MO,C12Cer;50uM,Explant3,FOV1,0003-0514-0452,,,,690182.309749
20221022,SMPD3MO,C12Cer;50uM,Explant3,FOV1,0003-0599-0746,,,,238083.728197
20221022,SMPD3MO,C12Cer;50uM,Explant3,FOV1,0003-0603-0898,,,,645170.94618
20221022,SMPD3MO,C12Cer;50uM,Explant3,FOV1,0003-0639-0355,,,,388097.863012
20221022,SMPD3MO,C12Cer;50uM,Explant3,FOV1,0003-0693-0878,,,,504860.73516700004
20221022,SMPD3MO,C12Cer;50uM,Explant3,FOV2,0003-0212-0538,,,,385190.19077999995
20221022,SMPD3MO,C12Cer;50uM,Explant3,FOV2,0003-0302-0526,,,,648544.838748
20221022,SMPD3MO,C12Cer;50uM,Explant3,FOV2,0003-0328-0700,,,,119538.90062
20221022,SMPD3MO,C12Cer;50uM,Explant3,FOV2,0003-0355-0836,,,,212111.243764
20221022,SMPD3MO,C12Cer;50uM,Explant3,FOV2,0003-0363-0436,,,,1048608.9417639999
20221022,SMPD3MO,C12Cer;50uM,Explant3,FOV2,0003-0410-0196,,,,638946.78082
20221022,SMPD3MO,C12Cer;50uM,Explant3,FOV2,0003-0414-0340,,,,368436.045804
20221022,SMPD3MO,C12Cer;50uM,Explant3,FOV2,0003-0446-0684,,,,2093894.7003399997
20221022,SMPD3MO,C12Cer;50uM,Explant3,FOV2,0003-0584-0520,,,,245788.81920799997
20221022,SMPD3MO,C12Cer;50uM,Explant3,FOV2,0003-0589-0085,,,,413346.88822
20221022,SMPD3MO,C12Cer;50uM,Explant3,FOV2,0003-0660-0233,,,,230301.362748
20221022,SMPD3MO,C12Cer;50uM,Explant3,FOV2,0003-0705-0146,,,,307369.594704
20221022,SMPD3MO,C12Cer;50uM,Explant3,FOV3,0001-0445-0876,,,,282088.197964
20221022,SMPD3MO,C12Cer;50uM,Explant3,FOV3,0001-0470-0306,,,,547394.332088
20221022,SMPD3MO,C12Cer;50uM,Explant3,FOV3,0001-0492-0720,,,,382912.523788
20221022,SMPD3MO,C12Cer;50uM,Explant3,FOV3,0001-0536-0868,,,,282892.094972
20221022,SMPD3MO,C12Cer;50uM,Explant3,FOV3,0001-0541-0496,,,,185484.098148
20221022,SMPD3MO,C12Cer;50uM,Explant3,FOV3,0001-0799-0787,,,,151614.858328
20221022,SMPD3MO,C12Cer;50uM,Explant3,FOV3,0001-0868-0503,,,,597087.084388
20221022,SMPD3MO,C12Cer;50uM,Explant3,FOV3,0003-0255-0779,,,,383873.57646799996
20221022,SMPD3MO,C12Cer;50uM,Explant3,FOV3,0003-0289-0348,,,,114669.80638
20221022,SMPD3MO,C12Cer;50uM,Explant3,FOV3,0003-0381-0698,,,,1063717.5106360002
20221022,SMPD3MO,C12Cer;50uM,Explant3,FOV4,0003-0134-0341,,,,550086.48697
20221022,SMPD3MO,C12Cer;50uM,Explant3,FOV4,0003-0153-0688,,,,722354.9677
20221022,SMPD3MO,C12Cer;50uM,Explant3,FOV4,0003-0176-0738,,,,240613.10035999998
20221022,SMPD3MO,C12Cer;50uM,Explant3,FOV4,0003-0302-0430,,,,470332.47455000004
20221022,SMPD3MO,C12Cer;50uM,Explant3,FOV4,0003-0523-0428,,,,1560435.82963
20221022,SMPD3MO,C12Cer;50uM,Explant3,FOV4,0003-0540-0881,,,,106171.95900999999
20221022,SMPD3MO,C12Cer;50uM,Explant3,FOV4,0003-0617-0901,,,,284170.87695999997
20221022,SMPD3MO,C12Cer;50uM,Explant3,FOV4,0003-0651-0855,,,,451992.72604
20221022,SMPD3MO,C12Cer;50uM,Explant3,FOV4,0003-0688-0210,,,,390250.68369
20221022,SMPD3MO,C12Cer;50uM,Explant3,FOV4,0003-0878-0796,,,,693427.98487
20221022,SMPD3MO,C12Cer;50uM,Explant3,FOV4,0003-0897-0554,,,,1054874.64202
20221022,SMPD3MO,C12Cer;50uM,Explant3,FOV4,0003-0908-0429,,,,480476.62912
20221022,SMPD3MO,C12Cer;50uM,Explant5,FOV1,0002-0360-0940,,,,646253.7224920001
20221022,SMPD3MO,C12Cer;50uM,Explant5,FOV1,0002-0568-0804,,,,1000213.997516
20221022,SMPD3MO,C12Cer;50uM,Explant5,FOV1,0003-0235-0468,,,,331915.775916
20221022,SMPD3MO,C12Cer;50uM,Explant5,FOV1,0003-0324-0612,,,,164820.552816
20221022,SMPD3MO,C12Cer;50uM,Explant5,FOV1,0003-0348-0800,,,,53327.139512
20221022,SMPD3MO,C12Cer;50uM,Explant5,FOV1,0003-0376-0906,,,,390213.664292
20221022,SMPD3MO,C12Cer;50uM,Explant5,FOV1,0003-0426-0438,,,,305364.834596
20221022,SMPD3MO,C12Cer;50uM,Explant5,FOV1,0003-0428-0689,,,,264912.327132
20221022,SMPD3MO,C12Cer;50uM,Explant5,FOV1,0003-0534-0493,,,,1393437.834864
20221022,SMPD3MO,C12Cer;50uM,Explant5,FOV1,0003-0548-0086,,,,394467.706952
20221022,SMPD3MO,C12Cer;50uM,Explant5,FOV1,0003-0831-0382,,,,259047.44506399997
20221022,SMPD3MO,C12Cer;50uM,Explant5,FOV1,0003-0853-0308,,,,266583.94124
20221022,SMPD3MO,C12Cer;50uM,Explant5,FOV2,0003-0378-0642,,,,451648.40632
20221022,SMPD3MO,C12Cer;50uM,Explant5,FOV2,0003-0399-0794,,,,386579.570812
20221022,SMPD3MO,C12Cer;50uM,Explant5,FOV2,0003-0474-0687,,,,214113.913745
20221022,SMPD3MO,C12Cer;50uM,Explant5,FOV2,0003-0515-0738,,,,172732.401908
20221022,SMPD3MO,C12Cer;50uM,Explant5,FOV2,0003-0571-0098,,,,405859.988765
20221022,SMPD3MO,C12Cer;50uM,Explant5,FOV2,0003-0667-0751,,,,171638.99030900002
20221022,SMPD3MO,C12Cer;50uM,Explant5,FOV2,0003-0819-0167,,,,286523.48363100004
20221022,SMPD3MO,C12Cer;50uM,Explant5,FOV2,0003-0902-0175,,,,199859.520165
20221022,SMPD3MO,C12Cer;50uM,Explant5,FOV3,0003-0135-0280,,,,158986.5149
20221022,SMPD3MO,C12Cer;50uM,Explant5,FOV3,0003-0279-0114,,,,635414.2913500001
20221022,SMPD3MO,C12Cer;50uM,Explant5,FOV3,0003-0284-0495,,,,711665.0606999999
20221022,SMPD3MO,C12Cer;50uM,Explant5,FOV3,0003-0313-0678,,,,714713.4507
20221022,SMPD3MO,C12Cer;50uM,Explant5,FOV3,0003-0345-0463,,,,526049.53425
20221022,SMPD3MO,C12Cer;50uM,Explant5,FOV3,0003-0417-0433,,,,186690.56715000002
20221022,SMPD3MO,C12Cer;50uM,Explant5,FOV3,0003-0504-0419,,,,653722.43585
20221022,SMPD3MO,C12Cer;50uM,Explant5,FOV3,0003-0564-0808,,,,198859.83115
20221022,SMPD3MO,C12Cer;50uM,Explant5,FOV3,0003-0750-0242,,,,134124.97340000002
20221022,SMPD3MO,C12Cer;50uM,Explant5,FOV3,0003-0776-0865,,,,578788.75015
20221022,SMPD3MO,C12Cer;50uM,Explant5,FOV4,0001-0559-0349,,,,257884.590665
20221022,SMPD3MO,C12Cer;50uM,Explant5,FOV4,0001-0571-0455,,,,124676.273659
20221022,SMPD3MO,C12Cer;50uM,Explant5,FOV4,0001-0639-0378,,,,899396.403111
20221022,SMPD3MO,C12Cer;50uM,Explant5,FOV4,0001-0720-0378,,,,154663.076381
20221022,SMPD3MO,C12Cer;50uM,Explant5,FOV4,0001-0747-0409,,,,1461379.51229
20221022,SMPD3MO,C12Cer;50uM,Explant5,FOV4,0001-0810-0386,,,,1110803.2918460001
20221022,SMPD3MO,C12Cer;50uM,Explant5,FOV4,0003-0256-0309,,,,861449.435423
20221022,SMPD3MO,C12Cer;50uM,Explant5,FOV4,0003-0373-0625,,,,166784.49578599998
20221022,SMPD3MO,C12Cer;50uM,Explant5,FOV4,0003-0447-0104,,,,687187.52191
20221022,SMPD3MO,C12Cer;50uM,Explant5,FOV4,0003-0468-0294,,,,843464.0768269999
20221022,SMPD3MO,C12Cer;50uM,Explant5,FOV5,0001-0132-0427,,,,556572.1127510001
20221022,SMPD3MO,C12Cer;50uM,Explant5,FOV5,0001-0154-0571,,,,155400.00806000002
20221022,SMPD3MO,C12Cer;50uM,Explant5,FOV5,0001-0208-0596,,,,75762.89950300001
20221022,SMPD3MO,C12Cer;50uM,Explant5,FOV5,0001-0458-0277,,,,220202.96300899997
20221022,SMPD3MO,C12Cer;50uM,Explant5,FOV5,0001-0468-0465,,,,707996.53587
20221022,SMPD3MO,C12Cer;50uM,Explant5,FOV5,0001-0595-0802,,,,310168.807767
20221022,SMPD3MO,C12Cer;50uM,Explant5,FOV5,0001-0614-0271,,,,1070055.101007
20221022,SMPD3MO,C12Cer;50uM,Explant5,FOV5,0001-0630-0461,,,,721914.700263
20221022,SMPD3MO,C12Cer;50uM,Explant5,FOV5,0001-0646-0596,,,,625325.4526930001
20221022,SMPD3MO,C12Cer;50uM,Explant5,FOV5,0001-0714-0243,,,,306066.655164
20221022,SMPD3MO,C12Cer;50uM,Explant5,FOV5,0001-0719-0674,,,,1070147.812267
20221022,SMPD3MO,C12Cer;50uM,Explant5,FOV5,0001-0738-0453,,,,437636.283114
20221022,SMPD3MO,C12Cer;50uM,Explant5,FOV5,0001-0929-0355,,,,324505.265114
20221022,SMPD3MO,DMSO,Explant1,FOV1,0003-0158-0253,,139789.25556000002,,
20221022,SMPD3MO,DMSO,Explant1,FOV1,0003-0171-0095,,31844.193340000013,,
20221022,SMPD3MO,DMSO,Explant1,FOV1,0003-0249-0683,,90141.42267400002,,
20221022,SMPD3MO,DMSO,Explant1,FOV1,0003-0390-0304,,87382.15831200001,,
20221022,SMPD3MO,DMSO,Explant1,FOV1,0003-0486-0096,,45810.465142,,
20221022,SMPD3MO,DMSO,Explant1,FOV1,0003-0536-0334,,98091.93263200001,,
20221022,SMPD3MO,DMSO,Explant1,FOV1,0003-0711-0264,,19919.811782000004,,
20221022,SMPD3MO,DMSO,Explant1,FOV1,0003-0801-0634,,26469.453232,,
20221022,SMPD3MO,DMSO,Explant1,FOV1,0003-0852-0503,,329210.057412,,
20221022,SMPD3MO,DMSO,Explant1,FOV1,0003-0916-0729,,117030.08694200001,,
20221022,SMPD3MO,DMSO,Explant1,FOV2,0003-0076-0730,,35292.985757999995,,
20221022,SMPD3MO,DMSO,Explant1,FOV2,0003-0164-0279,,123426.72479800002,,
20221022,SMPD3MO,DMSO,Explant1,FOV2,0003-0184-0420,,113879.626758,,
20221022,SMPD3MO,DMSO,Explant1,FOV2,0003-0197-0687,,37197.02654800001,,
20221022,SMPD3MO,DMSO,Explant1,FOV2,0003-0291-0578,,104749.46398400002,,
20221022,SMPD3MO,DMSO,Explant1,FOV2,0003-0298-0496,,129653.37428,,
20221022,SMPD3MO,DMSO,Explant1,FOV2,0003-0338-0810,,63876.577572,,
20221022,SMPD3MO,DMSO,Explant1,FOV2,0003-0380-0110,,24335.87286399999,,
20221022,SMPD3MO,DMSO,Explant1,FOV2,0003-0559-0919,,48233.83268200001,,
20221022,SMPD3MO,DMSO,Explant1,FOV2,0003-0684-0129,,95754.258714,,
20221022,SMPD3MO,DMSO,Explant1,FOV2,0003-0855-0251,,53048.298131999996,,
20221022,SMPD3MO,DMSO,Explant1,FOV2,0003-0856-0145,,82586.535254,,
20221022,SMPD3MO,DMSO,Explant1,FOV2,0003-0861-0436,,45913.440042,,
20221022,SMPD3MO,DMSO,Explant1,FOV2,0003-0870-0355,,20714.249311999985,,
20221022,SMPD3MO,DMSO,Explant1,FOV3,0003-0091-0201,,82157.45965399999,,
20221022,SMPD3MO,DMSO,Explant1,FOV3,0003-0097-0472,,100531.387026,,
20221022,SMPD3MO,DMSO,Explant1,FOV3,0003-0360-0962,,317381.490106,,
20221022,SMPD3MO,DMSO,Explant1,FOV3,0003-0370-0689,,171063.334644,,
20221022,SMPD3MO,DMSO,Explant1,FOV3,0003-0537-0664,,35944.753024000005,,
20221022,SMPD3MO,DMSO,Explant1,FOV3,0003-0596-0329,,263543.67453799996,,
20221022,SMPD3MO,DMSO,Explant1,FOV3,0003-0605-0064,,63265.108395999996,,
20221022,SMPD3MO,DMSO,Explant1,FOV3,0003-0637-0752,,105464.544562,,
20221022,SMPD3MO,DMSO,Explant1,FOV3,0003-0746-0702,,97463.81291,,
20221022,SMPD3MO,DMSO,Explant1,FOV3,0003-0841-0342,,46898.848054,,
20221022,SMPD3MO,DMSO,Explant1,FOV4,0001-0056-0060,,96919.6226,,
20221022,SMPD3MO,DMSO,Explant1,FOV4,0001-0087-0195,,76220.10800000001,,
20221022,SMPD3MO,DMSO,Explant1,FOV4,0001-0425-0692,,87773.8752,,
20221022,SMPD3MO,DMSO,Explant1,FOV4,0001-0588-0158,,43378.4852,,
20221022,SMPD3MO,DMSO,Explant1,FOV4,0001-0618-0444,,98624.7702,,
20221022,SMPD3MO,DMSO,Explant1,FOV4,0001-0694-0196,,181601.184,,
20221022,SMPD3MO,DMSO,Explant1,FOV4,0001-0733-0859,,216269.316,,
20221022,SMPD3MO,DMSO,Explant1,FOV4,0001-0796-0664,,64223.088599999995,,
20221022,SMPD3MO,DMSO,Explant1,FOV4,0003-0111-0580,,273552.6298,,
20221022,SMPD3MO,DMSO,Explant1,FOV4,0003-0194-0321,,189732.58519999997,,
20221022,SMPD3MO,DMSO,Explant1,FOV4,0003-0217-0562,,27330.803599999992,,
20221022,SMPD3MO,DMSO,Explant1,FOV4,0003-0334-0554,,289630.80799999996,,
20221022,SMPD3MO,DMSO,Explant1,FOV4,0003-0367-0167,,329874.37080000003,,
20221022,SMPD3MO,DMSO,Explant1,FOV4,0003-0473-0414,,177362.8392,,
20221022,SMPD3MO,DMSO,Explant3,FOV1,0003-0086-0228,,237163.935934,,
20221022,SMPD3MO,DMSO,Explant3,FOV1,0003-0146-0391,,140252.440426,,
20221022,SMPD3MO,DMSO,Explant3,FOV1,0003-0402-0798,,282096.027854,,
20221022,SMPD3MO,DMSO,Explant3,FOV1,0003-0415-0480,,49073.36483599999,,
20221022,SMPD3MO,DMSO,Explant3,FOV1,0003-0572-0252,,272748.901432,,
20221022,SMPD3MO,DMSO,Explant3,FOV1,0003-0757-0846,,677744.892444,,
20221022,SMPD3MO,DMSO,Explant3,FOV2,0003-0204-0722,,176098.68306499996,,
20221022,SMPD3MO,DMSO,Explant3,FOV2,0003-0337-0755,,38406.278005000015,,
20221022,SMPD3MO,DMSO,Explant3,FOV2,0003-0492-0268,,481875.175835,,
20221022,SMPD3MO,DMSO,Explant3,FOV2,0003-0502-0464,,462699.60854000004,,
20221022,SMPD3MO,DMSO,Explant3,FOV2,0003-0520-0144,,651723.5000799999,,
20221022,SMPD3MO,DMSO,Explant3,FOV2,0003-0551-0716,,180126.66224499998,,
20221022,SMPD3MO,DMSO,Explant3,FOV2,0003-0568-0383,,326946.77881,,
20221022,SMPD3MO,DMSO,Explant3,FOV2,0003-0701-0315,,381330.369225,,
20221022,SMPD3MO,DMSO,Explant3,FOV2,0003-0788-0743,,120271.69659499999,,
20221022,SMPD3MO,DMSO,Explant3,FOV2,0003-0832-0308,,701056.0317950001,,
20221022,SMPD3MO,DMSO,Explant3,FOV3,0002-0385-0752,,227012.856768,,
20221022,SMPD3MO,DMSO,Explant3,FOV3,0002-0719-0443,,104739.071064,,
20221022,SMPD3MO,DMSO,Explant3,FOV3,0002-0740-0732,,86176.263068,,
20221022,SMPD3MO,DMSO,Explant3,FOV3,0002-0828-0418,,377405.68253600004,,
20221022,SMPD3MO,DMSO,Explant3,FOV3,0003-0453-0943,,36166.298908,,
20221022,SMPD3MO,DMSO,Explant3,FOV4,0003-0040-0603,,31989.523999999998,,
20221022,SMPD3MO,DMSO,Explant3,FOV4,0003-0163-0893,,65077.657999999996,,
20221022,SMPD3MO,DMSO,Explant3,FOV4,0003-0295-0741,,128736.936,,
20221022,SMPD3MO,DMSO,Explant3,FOV4,0003-0552-0607,,390804.784,,
20221022,SMPD3MO,DMSO,Explant3,FOV4,0003-0648-0179,,109879.94699999999,,
20221022,SMPD3MO,DMSO,Explant3,FOV4,0003-0660-0353,,97357.05,,
20221022,SMPD3MO,DMSO,Explant4,FOV1,0003-0354-0118,,51997.946601999996,,
20221022,SMPD3MO,DMSO,Explant4,FOV1,0003-0358-0167,,68995.670297,,
20221022,SMPD3MO,DMSO,Explant4,FOV1,0003-0432-0608,,111012.456307,,
20221022,SMPD3MO,DMSO,Explant4,FOV1,0003-0448-0133,,39944.781477,,
20221022,SMPD3MO,DMSO,Explant4,FOV1,0003-0478-0258,,92274.00963999999,,
20221022,SMPD3MO,DMSO,Explant4,FOV1,0003-0608-0160,,16131.823739000003,,
20221022,SMPD3MO,DMSO,Explant4,FOV1,0003-0676-0140,,2452.6496020000013,,
20221022,SMPD3MO,DMSO,Explant4,FOV1,0003-0736-0111,,2735.5009699999973,,
20221022,SMPD3MO,DMSO,Explant4,FOV2,0003-0093-0836,,106747.45862399999,,
20221022,SMPD3MO,DMSO,Explant4,FOV2,0003-0142-0808,,444048.278928,,
20221022,SMPD3MO,DMSO,Explant4,FOV2,0003-0172-0871,,116033.459407,,
20221022,SMPD3MO,DMSO,Explant4,FOV2,0003-0200-0934,,143871.40901899998,,
20221022,SMPD3MO,DMSO,Explant4,FOV2,0003-0203-0763,,63456.26856,,
20221022,SMPD3MO,DMSO,Explant4,FOV2,0003-0216-0839,,55410.22188299999,,
20221022,SMPD3MO,DMSO,Explant4,FOV2,0003-0262-0980,,130940.95536400001,,
20221022,SMPD3MO,DMSO,Explant4,FOV2,0003-0328-0128,,209117.104718,,
20221022,SMPD3MO,DMSO,Explant4,FOV2,0003-0433-0470,,326382.2315,,
20221022,SMPD3MO,DMSO,Explant4,FOV2,0003-0434-0867,,36351.742001000006,,
20221022,SMPD3MO,DMSO,Explant4,FOV2,0003-0570-0500,,27480.595423000006,,
20221022,SMPD3MO,DMSO,Explant4,FOV2,0003-0655-0788,,226418.49937799998,,
20221022,SMPD3MO,DMSO,Explant4,FOV3,0003-0842-0754,,187009.933769,,
20221022,SMPD3MO,DMSO,Explant4,FOV4,0003-0062-0678,,4217.778268,,
20221022,SMPD3MO,DMSO,Explant4,FOV4,0003-0142-0474,,31566.365315000003,,
20221022,SMPD3MO,DMSO,Explant4,FOV4,0003-0215-0128,,94858.57848299999,,
20221022,SMPD3MO,DMSO,Explant4,FOV4,0003-0372-0904,,47687.54565700001,,
20221022,SMPD3MO,DMSO,Explant4,FOV4,0003-0372-0955,,70595.687793,,
20221022,SMPD3MO,DMSO,Explant4,FOV4,0003-0463-0917,,44451.27772300001,,
20221022,SMPD3MO,DMSO,Explant4,FOV4,0003-0610-0774,,18590.385504,,
20221022,SMPD3MO,DMSO,Explant4,FOV4,0003-0623-0945,,12954.747547,,
20221022,SMPD3MO,DMSO,Explant4,FOV4,0003-0668-0795,,12152.083694000003,,
20221022,SMPD3MO,DMSO,Explant4,FOV4,0003-0684-0929,,2350.355079000001,,
20221022,SMPD3MO,DMSO,Explant4,FOV4,0003-0714-0802,,5002.247130000002,,
20221022,SMPD3MO,DMSO,Explant4,FOV4,0003-0748-0897,,1348.322099000001,,
20221022,SMPD3MO,DMSO,Explant5,FOV1,0003-0242-0359,,80294.796979,,
20221022,SMPD3MO,DMSO,Explant5,FOV1,0003-0335-0810,,427653.761151,,
20221022,SMPD3MO,DMSO,Explant5,FOV1,0003-0467-0752,,142984.98392700002,,
20221022,SMPD3MO,DMSO,Explant5,FOV1,0003-0556-0834,,66060.373216,,
20221022,SMPD3MO,DMSO,Explant5,FOV1,0003-0606-0652,,6691.195823000002,,
20221022,SMPD3MO,DMSO,Explant5,FOV1,0003-0759-0873,,103792.06977899998,,
20221022,SMPD3MO,DMSO,Explant5,FOV2,0003-0485-0926,,92366.168691,,
20221022,SMPD3MO,DMSO,Explant5,FOV2,0003-0555-0429,,120535.08636500002,,
20221022,SMPD3MO,DMSO,Explant5,FOV2,0003-0614-0493,,100954.31463699999,,
20221022,SMPD3MO,DMSO,Explant5,FOV2,0003-0638-0724,,161741.822046,,
20221022,SMPD3MO,DMSO,Explant5,FOV2,0003-0685-0185,,720093.099774,,
20221022,SMPD3MO,DMSO,Explant5,FOV2,0003-0831-0439,,220447.34141499997,,
20221022,SMPD3MO,DMSO,Explant5,FOV2,0003-0912-0768,,89226.055185,,
20221022,SMPD3MO,DMSO,Explant5,FOV2,0003-0948-0610,,171477.78202100002,,
20221022,SMPD3MO,DMSO,Explant5,FOV3,0003-0308-0132,,421782.496122,,
20221022,SMPD3MO,DMSO,Explant5,FOV3,0003-0326-0340,,296238.56590700004,,
20221022,SMPD3MO,DMSO,Explant5,FOV3,0003-0412-0673,,105263.548725,,
20221022,SMPD3MO,DMSO,Explant5,FOV3,0003-0423-0354,,197056.87393400003,,
20221022,SMPD3MO,DMSO,Explant5,FOV3,0003-0614-0268,,484583.148197,,
20221022,SMPD3MO,DMSO,Explant5,FOV3,0003-0708-0701,,135395.70844100002,,
20221022,SMPD3MO,DMSO,Explant5,FOV4,0001-0128-0303,,122903.054806,,
20221022,SMPD3MO,DMSO,Explant5,FOV4,0001-0146-0343,,69455.32136,,
20221022,SMPD3MO,DMSO,Explant5,FOV4,0001-0181-0363,,53478.322526,,
20221022,SMPD3MO,DMSO,Explant5,FOV4,0001-0223-0151,,50663.902942,,
20221022,SMPD3MO,DMSO,Explant5,FOV4,0003-0645-0360,,110815.579596,,
20221022,SMPD3MO,DMSO,Explant5,FOV4,0003-0671-0602,,602754.365066,,
20221022,SMPD3MO,DMSO,Explant5,FOV5,0003-0266-0801,,86734.41891,,
20221022,SMPD3MO,DMSO,Explant5,FOV5,0003-0338-0308,,116399.62696,,
20221022,SMPD3MO,DMSO,Explant5,FOV5,0003-0397-0373,,105762.732247,,
20221022,SMPD3MO,DMSO,Explant5,FOV5,0003-0421-0604,,252719.38088199997,,
20221022,SMPD3MO,DMSO,Explant5,FOV5,0003-0629-0325,,188018.135259,,
20221022,SMPD3MO,DMSO,Explant5,FOV5,0003-0700-0641,,68906.678296,,
20221022,SMPD3MO,DMSO,Explant5,FOV5,0003-0726-0492,,189862.98079300002,,
20221022,SMPD3MO,DMSO,Explant5,FOV5,0003-0779-0738,,99071.76393700001,,
