,Date,Embryo,Treatment,FOV,ROI,Area,H2BRFP Mean,H2BRFP LRP6 IntDen,H2BRFP CTCF,Surface LRP6 Mean,Surface LRP6 IntDen,Surface LRP6 CTCF,Internal LRP6 Mean,Internal LRP6 IntDen,Internal LRP6 CTCF,Total LRP6 CTCF,Internalized Fraction CTCF,Total LRP6 Mean,Internalized Fraction Mean,Total LRP6 IntDen,Internalized Fraction IntDen,Internal / RFP,Norm
0,20210807,Emb8,SMPD3MO,FOV5,0004-0414-0767,335.24800000000005,1493.1229999999998,500565.833,407192.895288,343.962,115312.489,90531.962584,435.23400000000004,145911.18,40381.14406399998,130913.10664799997,0.3084576105322828,779.196,0.5585680624643864,261223.669,0.5585679910192212,0.29149239546909406,0.0003740938037016284
1,20210807,Emb4,ControlMO,FOV4,0004-0348-0333,245.85,2259.7329999999997,555554.33,484692.24694999994,300.02,73759.715,54106.9577,487.152,119766.147,43897.082850000006,98004.04055,0.44791094942258486,787.172,0.6188634758350144,193525.862,0.6188637826607382,0.21557945120065072,0.0002738657513232822
2,20210807,Emb4,ControlMO,FOV4,0004-0418-0276,193.201,905.623,174966.81399999998,119279.910167,230.33700000000002,44501.198,29057.096461999994,486.986,94085.924,34464.288601,63521.385062999994,0.5425619823437193,717.323,0.6788936085975216,138587.122,0.6788936998056717,0.5377359011420867,0.0007496426312025219
3,20210807,Emb4,ControlMO,FOV4,0004-0396-0111,233.718,1164.925,272263.777,204898.53670599998,253.47099999999998,59240.827000000005,40557.87751600001,435.68699999999995,101827.927,29702.78591800001,70260.66343400002,0.42275128736724193,689.1579999999999,0.632201904352848,161068.75400000002,0.6322016186950822,0.3740043350430285,0.0005426975164520016
4,20210807,Emb4,ControlMO,FOV4,0004-0508-0533,363.92900000000003,979.071,356311.745,251415.397543,152.672,55561.87,26470.113598,345.01099999999997,125559.43800000001,13251.312529000003,39721.426127,0.3336061622418093,497.683,0.6932344484340432,181121.30800000002,0.693233940205423,0.35238608844506675,0.0007080532958631633
5,20210807,Emb4,ControlMO,FOV4,0004-0693-0457,158.951,2181.288,346717.099,300902.17541699996,398.608,63358.981,50652.755961999996,533.251,84760.525,35708.405351,86361.16131299999,0.4134775958093189,931.8589999999999,0.5722442987619372,148119.506,0.572244178292088,0.24446611359893786,0.0002623423861323847
6,20210807,Emb4,ControlMO,FOV4,0004-0307-0782,127.052,1258.567,159903.745,123283.16588399999,303.98,38621.402,28465.119224000002,663.799,84337.129,45129.008852,73594.128076,0.6132148043848781,967.779,0.6858993633877155,122958.531,0.6858989637734042,0.5274244438317547,0.0005449843857241732
7,20210807,Emb4,ControlMO,FOV4,0004-0878-0645,289.466,2714.772,785834.832,702401.178422,236.826,68553.258,45413.924891999995,436.352,126309.226,36980.307866,82394.232758,0.4488215573851488,673.178,0.6481970593216059,194862.484,0.6481967354988659,0.16073246666755073,0.0002387666659747507
8,20210807,Emb4,ControlMO,FOV4,0004-0862-0433,245.515,2701.5840000000003,663279.339,592513.814005,354.63,87067.007,67441.02893,463.952,113907.19099999999,38141.507515000005,105582.536445,0.36124825941142885,818.582,0.5667752283827399,200974.19799999997,0.566775198675006,0.17173332385741105,0.0002097936722984515
9,20210807,Emb3,SMPD3MO,FOV11,0004-0641-0153,462.408,2930.344,1355014.699,1223595.570952,267.413,123654.038,89567.169872,495.517,229131.01,80276.325904,169843.495776,0.4726488084646664,762.9300000000001,0.6494920897067883,352785.048,0.6494918401417058,0.1690985768223799,0.00022164363286589843
10,20210807,Emb3,SMPD3MO,FOV11,0004-0723-1089,418.83099999999996,2732.3540000000003,1144393.767,1025359.483814,233.899,97964.211,67089.665004,451.85,189248.81600000002,54422.09112800003,121511.75613200002,0.44787510986904433,685.749,0.6589145591171114,287213.027,0.6589144579434415,0.1653702265519036,0.00024115270536581693
11,20210807,Emb3,SMPD3MO,FOV11,0004-0459-0937,315.186,1249.49,393821.37799999997,304243.62568399997,270.323,85202.025,61967.77382399999,448.093,141232.364,39770.20836799999,101737.98219199998,0.3909081693103135,718.4159999999999,0.6237235807665754,226434.389,0.6237231218443591,0.3586207172526391,0.0004991825310859434
12,20210807,Emb3,SMPD3MO,FOV11,0004-1036-0316,272.878,5874.298000000001,1602964.096,1525410.531132,238.831,65171.717000000004,45056.242352,547.201,149318.755,61476.052264,106532.294616,0.5770649405947083,786.032,0.6961561361369512,214490.472,0.6961556548768283,0.09315172638500804,0.00011850882201361782
13,20210807,Emb3,SMPD3MO,FOV11,0004-0919-0262,226.752,5516.696999999999,1250921.251,1186476.972088,178.917,40569.77,23854.519567999992,419.06300000000005,95023.265,22029.075175999984,45883.59474399997,0.4801078751328795,597.98,0.7007976855413225,135593.035,0.7007975372776337,0.07596266389109282,0.00012703211460432257
14,20210807,Emb3,SMPD3MO,FOV11,0004-0975-0557,252.28400000000002,4156.873,1048713.791,977013.1644959999,162.155,40909.199,22311.831656,389.834,98348.881,17135.633991999974,39447.46564799997,0.4343912520237855,551.989,0.7062350880180583,139258.08,0.7062346472104168,0.0937805893997724,0.00016989575770490423
15,20210807,Emb8,ControlMO,FOV6,0004-0204-0626,137.295,2413.401,331347.414,294588.187995,818.329,112352.239,98785.433575,770.47,105781.51199999999,62305.26541499999,161090.69899,0.3867713394108973,1588.799,0.48493862345079525,218133.751,0.48493876584921514,0.3192465736112648,0.00020093578458399382
16,20210807,Emb8,ControlMO,FOV6,0004-0101-0725,216.145,1625.8929999999998,351429.22,293558.77384499996,324.564,70153.056,48794.687825,489.98800000000006,105908.604,37463.479865,86258.16769,0.4343180578520819,814.5520000000001,0.6015429340299944,176061.66,0.6015426868064291,0.3013654650090751,0.0003699769505311816
17,20210807,Emb8,ControlMO,FOV6,0004-0882-0829,220.524,4154.829000000001,916238.245,857195.369764,360.474,79493.125,57702.045939999996,604.531,133313.47400000002,63481.68258800001,121183.728528,0.523846586989047,965.0049999999999,0.626453748944306,212806.59900000002,0.626453665565136,0.14550081363155978,0.00015077726398470454
18,20210807,Emb8,ControlMO,FOV6,0004-1018-0247,150.696,2802.2729999999997,422290.33700000006,381943.14065600006,266.66700000000003,40185.583,25294.55776,654.5790000000001,98642.194,50922.346552,76216.904312,0.6681240469115001,921.2460000000001,0.7105365993448004,138827.777,0.7105364368112009,0.2335885904050034,0.0002535572370517792
19,20210807,Emb8,ControlMO,FOV6,0004-0584-0391,114.744,5284.596,606373.39,575651.946184,253.87599999999998,29130.597999999998,17792.16964,578.52,66381.483,30046.30372799999,47838.47336799999,0.628078231026881,832.396,0.6950057424591181,95512.08099999999,0.6950061427307819,0.10947289064291765,0.00013151539729037341
20,20210807,Emb8,ControlMO,FOV6,0004-0718-0201,263.186,2122.725,558671.661,488206.504546,547.985,144222.131,118215.40641,599.692,157830.539,74489.27068199999,192704.67709199997,0.3865462520478304,1147.6770000000001,0.5225268085009981,302052.67,0.5225265481016936,0.2825104523666514,0.0002461585031037926
21,20210807,Emb4,SMPD3MO,FOV8,0004-0664-0950,155.93,1144.259,178424.342,131934.28029,449.25800000000004,70052.785,58688.6066,362.27,56488.732,8478.664650000006,67167.27125,0.12623208435015895,811.528,0.44640480673494937,126541.517,0.4464047321323009,0.3165979030971135,0.00039012566799557564
22,20210807,Emb4,SMPD3MO,FOV8,0004-0476-0391,219.03799999999998,2106.073,461309.95700000005,396004.4344140001,359.17400000000004,78672.829,62709.33956,369.07099999999997,80840.47099999999,13399.76599,76109.10555000001,0.17605995883366413,728.245,0.5067951032962807,159513.3,0.506794549420017,0.17524131404751878,0.00024063510775565745
23,20210807,Emb3,SMPD3MO,FOV7,0004-0500-0628,322.535,5800.455,1870852.6519999998,1777842.9115149998,597.39,192679.444,168682.84,881.841,284424.863,182588.95224,351271.79224,0.5197939495103252,1479.231,0.5961482689316273,477104.30700000003,0.5961481772999379,0.15202962526215616,0.00010277612168901014
24,20210807,Emb3,SMPD3MO,FOV7,0004-0606-0752,345.254,786.674,271602.481,172041.239766,346.626,119674.15199999999,93987.25439999998,374.589,129328.42300000001,20319.306056,114306.56045599998,0.1777615035824782,721.2149999999999,0.5193860360641418,249002.575,0.5193858858688509,0.47616801877270637,0.0006602303318326802
25,20210807,Emb3,ControlMO,FOV1,0004-0476-0495,161.30200000000002,2359.819,380643.903,331807.786876,382.267,61660.517,50146.618938,792.363,127809.935,81497.06606199998,131643.685,0.619073114384484,1174.63,0.6745639052297319,189470.452,0.6745639420335579,0.3357727859636693,0.00028585408678789853
26,20210807,Emb3,ControlMO,FOV1,0004-0737-0734,255.72799999999998,1632.703,417527.95700000005,340103.23626400006,456.86400000000003,116832.837,98578.716632,455.904,116587.351,43162.98336799999,141741.69999999998,0.304518595219332,912.768,0.4994741270509045,233420.188,0.49947415430922365,0.2792326589710437,0.00030591854553516746
27,20210807,Emb4,SMPD3MO,FOV5,0004-0619-0725,218.92,863.059,188940.71399999998,129148.84575999998,192.855,42219.875,24876.594760000004,406.63,89019.40800000001,19975.542720000012,44852.13748000002,0.4453643425334476,599.485,0.6782988731994962,131239.283,0.678298493904451,0.47114971282380463,0.0007859241062308558
28,20210807,Emb4,SMPD3MO,FOV5,0004-1050-0190,369.015,989.3989999999999,365103.39200000005,264317.27717,260.61400000000003,96170.731,66936.62467,443.81,163772.705,47391.278239999985,114327.90290999999,0.41452066410512967,704.424,0.630032480437918,259943.436,0.6300320851340905,0.4485652401104105,0.0006367830172032901
29,20210807,Emb1,ControlMO,FOV9,0004-0273-0738,226.59400000000002,5897.956,1336443.932,1273490.227356,423.851,96042.37,77885.845968,499.56300000000005,113198.10699999999,42352.35992999999,120238.20589799999,0.35223712474492663,923.414,0.5409956964048629,209240.47699999998,0.5409952635502737,0.08470103880056075,9.172596343629265e-05
30,20210807,Emb1,ControlMO,FOV9,0004-0096-0300,210.93099999999998,1895.6029999999998,399840.742,341238.62599400006,386.541,81533.281,64631.801832000005,625.185,131870.55,65921.918195,130553.720027,0.5049409406439479,1011.7259999999999,0.6179390467379509,213403.831,0.6179390003546843,0.3298079819455867,0.0003259854762510668
31,20210807,Emb4,ControlMO,FOV9,0004-0388-0779,250.248,5726.691,1433090.8059999999,1362758.1051039998,862.972,215956.664,195228.12166399998,831.6039999999999,208107.00199999998,128825.18237599998,324053.30403999996,0.3975431843154368,1694.576,0.49074458743662125,424063.66599999997,0.490744712846962,0.14521544815321796,8.569426697487628e-05
32,20210807,Emb4,ControlMO,FOV9,0004-0218-0790,373.227,3321.835,1239796.999,1134900.804196,1009.5269999999999,376782.08700000006,345866.9481360001,683.038,254927.896,136684.73044900002,482551.6785850001,0.283254077262366,1692.565,0.40355200538827163,631709.983,0.40355210913296585,0.20562068856520568,0.00012148466296136672
33,20210807,Emb4,ControlMO,FOV9,0004-0783-1009,227.765,1676.356,381815.651,317801.84222,308.055,70164.213,51297.982520000005,431.31300000000005,98238.24,26079.327055000016,77377.30957500002,0.33704101626487715,739.368,0.5833536209303081,168402.453,0.5833539728782929,0.25729200718701756,0.0003479891031083541
34,20210807,Emb4,ControlMO,FOV9,0004-0900-0352,356.352,2750.566,980170.944,880017.501696,322.777,115022.285,85504.936136,508.415,181174.88199999998,68277.935824,153782.87196000002,0.44398920994114066,831.192,0.6116697465808141,296197.167,0.6116698678620379,0.18484013835697818,0.00022237959262959482
35,20210807,Emb1,SMPD3MO,FOV6,0004-0174-0673,279.293,1287.17,359497.153,282917.246744,226.827,63351.11,43078.906888,521.3340000000001,145604.82,59365.00675300001,102443.913641,0.5794878840829545,748.1610000000001,0.6968206041213054,208955.93,0.6968207123865784,0.4050234234794161,0.000541358642697783
36,20210807,Emb1,SMPD3MO,FOV6,0004-0901-0373,214.90599999999998,947.204,203559.332,144633.82604800002,148.608,31936.709,16337.971896,403.709,86759.377,20400.917226000005,36738.88912200001,0.5552948854347235,552.317,0.7309371248757507,118696.086,0.7309371346920402,0.42621124910790076,0.0007716786720450407
37,20210807,Emb1,SMPD3MO,FOV6,0004-0864-0635,191.636,862.2289999999999,165234.126,112689.06788799999,146.859,28143.471,14233.763576000001,335.535,64300.700999999994,5127.5285559999975,19361.292132,0.26483400596622936,482.394,0.6955621338573863,92444.17199999999,0.6955625174510731,0.38914835849872836,0.0008067023190560587
38,20210807,Emb7,SMPD3MO,FOV5,0004-0755-0666,206.78799999999998,778.992,161086.49300000002,102931.09018400002,284.529,58837.315,40256.37926,506.07599999999996,104650.587,39026.82877600001,79283.20803600001,0.49224583291684104,790.605,0.6401123190468059,163487.902,0.6401121166751531,0.6496549386899994,0.0008217187327299972
39,20210807,Emb7,SMPD3MO,FOV5,0004-0643-0743,216.05700000000002,1119.897,241961.21399999998,181199.07177599997,177.872,38430.386,19016.584264999998,372.999,80588.954,12023.697163999983,31040.28142899998,0.3873578656656963,550.8710000000001,0.6771077076121269,119019.34,0.6771080565561866,0.33306545155491984,0.0006046160563088632
40,20210807,Emb7,ControlMO,FOV2,0004-0218-0816,335.13,1729.65,579656.686,483191.86141,218.845,73341.494,50330.46281000001,541.187,181367.669,72070.71671000001,122401.17952000002,0.5888073709144596,760.032,0.7120581764978317,254709.163,0.7120578893347468,0.3128881565634666,0.00041167760905260115
41,20210807,Emb7,ControlMO,FOV2,0004-0285-0657,243.646,4307.590999999999,1049525.537,979393.741422,237.62599999999998,57896.53,41167.064702,533.771,130051.055,50590.054082,91757.118784,0.5513474567688972,771.3969999999999,0.6919536892157994,187947.585,0.6919538497927494,0.12391403919267173,0.0001606358842368738
42,20210807,Emb7,ControlMO,FOV2,0004-0480-0676,349.583,2120.6620000000003,741347.782,640722.762531,368.14,128695.513,104692.09547100001,648.73,226785.25100000002,112774.69846100002,217466.79393200003,0.518583533706133,1016.87,0.6379674884695192,355480.764,0.6379677157439664,0.3059091925068681,0.00030083412088749607
43,20210807,Emb7,ControlMO,FOV2,0004-0727-0533,552.6619999999999,1781.901,984789.4659999999,825709.577934,400.99300000000005,221613.87,183666.439094,596.356,329583.352,149342.03595400005,333008.47504800005,0.44846316879014503,997.349,0.5979411419673554,551197.2220000001,0.5979408800431145,0.33467403632412795,0.00033556361546873553
44,20210807,Emb7,ControlMO,FOV2,0004-1023-0388,967.174,952.691,921417.359,643023.093318,228.125,220636.927,154227.858638,390.17199999999997,377364.237,61936.87885800004,216164.73749600005,0.28652628349777043,618.297,0.6310430100744463,598001.164,0.6310426462648157,0.4095472718856376,0.0006623795229244806
45,20210807,Emb1,SMPD3MO,FOV3,0004-0850-0560,450.57199999999995,1494.2679999999998,673274.978,546865.201112,232.59,104798.51800000001,71119.61271600002,349.461,157457.047,14267.518260000012,85387.13097600003,0.16709213785400776,582.051,0.6003958416015092,262255.565,0.6003954463273258,0.23386768638557479,0.0004017993034726764
46,20210807,Emb1,SMPD3MO,FOV3,0004-0709-0484,408.264,1171.86,478427.744,363887.645744,136.59799999999998,55768.185999999994,25251.676791999995,332.394,135704.158,5959.900119999991,31211.576911999986,0.19095158622724298,468.99199999999996,0.7087413004912665,191472.34399999998,0.7087402554595561,0.2836465106753367,0.0006048003178632827
47,20210807,Emb1,SMPD3MO,FOV3,0004-0142-0254,397.26300000000003,3368.711,1338265.779,1226812.055298,235.69400000000002,93632.696,63938.47853899999,613.851,243860.367,117612.17191499998,181550.650454,0.6478201626977906,849.5450000000001,0.7225644315486525,337493.06299999997,0.722564087191327,0.1822213303545481,0.0002144928524734394
48,20210807,Emb3,ControlMO,FOV9,0004-0485-0741,353.834,1110.647,392984.346,291560.306738,338.38699999999994,119732.616,94333.349978,476.42400000000004,168574.913,58304.31607,152637.66604799998,0.38197856125279744,814.8109999999999,0.5847049193003041,288307.529,0.5847052055307235,0.42896077691651807,0.0005264543273428049
49,20210807,Emb3,ControlMO,FOV9,0004-0695-0241,726.194,936.904,680374.2309999999,472215.80425799993,190.345,138227.69,86099.306098,448.227,325499.841,99185.11187000005,185284.41796800005,0.5353127529975567,638.572,0.7019208483929767,463727.531,0.7019204581148752,0.47841294305499815,0.0007491918578562763
50,20210807,Emb8,ControlMO,FOV3,0004-0474-1082,303.536,3065.3520000000003,930445.253,846419.810408,328.69800000000004,99771.88,79090.151104,512.763,155642.06699999998,62150.55071199998,141240.701816,0.4400328652640514,841.461,0.609372270372602,255413.947,0.6093718406066525,0.16727703702543786,0.00019879357097410082
51,20210807,Emb8,ControlMO,FOV3,0004-0877-0668,178.06799999999998,1085.414,193277.52300000002,143984.383104,439.267,78219.335,66086.49375200001,453.14599999999996,80690.808,25844.439456000015,91930.93320800003,0.2811288709266684,892.413,0.5077761081472367,158910.143,0.5077763223710647,0.4174867838446896,0.00046781790924682815
52,20210807,Emb4,ControlMO,FOV1,0004-0184-0293,363.21,1802.026,654514.5229999999,550353.1592,489.38800000000003,177750.836,148631.92709,480.083,174371.21399999998,63804.64184999997,212436.56893999997,0.3003467913663245,969.471,0.49520099105594706,352122.05,0.49520106451726037,0.26641291524095656,0.0002748023563788464
53,20210807,Emb4,ControlMO,FOV1,0004-0511-0765,250.572,1614.0620000000001,404439.231,332580.19284000003,315.253,78993.672,58905.064188000004,409.944,102720.549,26442.673619999987,85347.73780799999,0.30982278264347163,725.197,0.5652863980408083,181714.22100000002,0.5652862414109019,0.25398280859099587,0.0003502259504534573
54,20210807,Emb4,ControlMO,FOV1,0004-1011-0796,169.55700000000002,1725.92,292642.094,244016.53754,332.921,56449.179000000004,42855.624753000004,476.401,80777.215,29161.520844999985,72017.14559799999,0.4049246967906742,809.322,0.5886420979535958,137226.394,0.5886419707275846,0.27602727820524703,0.0003410598973032329
55,20210807,Emb4,ControlMO,FOV1,0004-0963-0683,186.628,1739.49,324637.55199999997,271116.37416,378.722,70680.047,55717.89361200001,639.057,119265.849,62453.48638,118171.379992,0.5284992557777356,1017.779,0.6278936782936178,189945.896,0.6278937924512988,0.36738181880896126,0.00036096423566310684
56,20210807,Emb4,ControlMO,FOV1,0004-1058-0360,138.741,4026.58,558652.17,518864.02602000005,284.573,39482.009,28359.004288999997,439.925,61035.695,18800.853484999992,47159.85777399999,0.39866221766608495,724.498,0.6072135464832201,100517.704,0.6072133820326815,0.10925524887125054,0.00015080131190320823
57,20210807,Emb4,ControlMO,FOV1,0004-0955-0306,282.067,1895.8370000000002,534753.512,453862.33774,192.03799999999998,54167.679000000004,31554.085543,380.556,107342.42599999999,21477.000194999986,53031.08573799999,0.4049888833335806,572.5939999999999,0.6646175125830869,161510.10499999998,0.6646173996357689,0.20073244693504766,0.00035056680114539744
58,20210807,Emb1,ControlMO,FOV1,0004-0533-0986,176.92700000000002,1342.8729999999998,237589.988,189450.982132,257.572,45571.397000000004,27029.801254000005,470.264,83202.189,29133.828580999994,56163.629835,0.5187312263575315,727.836,0.6461125858022961,128773.58600000001,0.6461122314323062,0.35019246049328573,0.0004811419887080135
59,20210807,Emb1,ControlMO,FOV1,0004-0712-0914,136.685,5524.566,755123.9959999999,717934.1944599999,315.02,43058.383,28734.06837,515.456,70454.968,28684.442054999992,57418.51042499999,0.49956785438499984,830.476,0.6206753717145348,113513.351,0.620675606695815,0.0933025327238375,0.00011234825897899216
60,20210807,Emb1,ControlMO,FOV1,0004-0962-0187,285.737,1360.9879999999998,388884.847,311140.381092,581.965,166289.005,136344.338874,495.793,141666.534,54346.164011000015,190690.50288500002,0.28499669982922343,1077.758,0.46002256536253966,307955.539,0.46002268528769674,0.364289031203802,0.0003380063346352354
61,20210807,Emb1,ControlMO,FOV1,0004-0589-0323,234.968,2580.044,606226.581,542295.547688,314.74,73953.742,49329.565536,601.76,141394.001,69588.48510399999,118918.05064,0.5851801701212279,916.5,0.6565848336061102,215347.743,0.6565845503196196,0.23323633240363342,0.0002544859055140572
62,20210807,Emb3,ControlMO,FOV4,0004-0916-0354,688.048,1605.9379999999999,1104962.509,906391.8562,595.9630000000001,410051.276,360196.00596800004,554.276,381368.405,166782.74695200004,526978.7529200001,0.31648856054983887,1150.239,0.4818789834112736,791419.6810000001,0.48187884905530926,0.3451415932620064,0.0003000607641212012
63,20210807,Emb3,ControlMO,FOV4,0004-0363-0880,399.42800000000005,3128.1929999999998,1249487.8020000001,1134212.8812000002,427.44800000000004,170734.723,141792.569548,750.306,299693.372,175121.36507199996,316913.93461999996,0.552583354474399,1177.7540000000001,0.6370651256544235,470428.095,0.6370652075956476,0.23985284795407447,0.00020365275596947617
64,20210807,Emb3,ControlMO,FOV4,0004-0181-0865,322.25,4788.491,1543091.9730000002,1450090.6230000001,484.626,156170.771,132820.85825000002,579.6569999999999,186794.50199999998,86292.46099999998,219113.31925,0.3938257212996876,1064.283,0.5446455501027452,342965.273,0.5446455274204978,0.12105212268332548,0.00011374053957765509
65,20210807,Emb3,SMPD3MO,FOV2,0004-0214-0167,609.08,1002.5319999999999,610621.666,441301.08047999995,184.669,112478.229,56235.172719999995,419.709,255636.026,64191.82764,120427.00036,0.5330351785571951,604.378,0.6944478455536105,368114.255,0.6944475051638519,0.41864898078066337,0.0006926939444861715
66,20210807,Emb3,SMPD3MO,FOV2,0004-0745-0268,292.733,1045.6860000000001,306106.55600000004,224728.53839800003,173.40200000000002,50760.488,23729.230046999994,424.603,124295.20199999999,32284.243638999993,56013.47368599998,0.5763656762295948,598.005,0.7100325248116655,175055.69,0.7100323445641783,0.4060521035951518,0.0006790112182927431
67,20210807,Emb3,SMPD3MO,FOV2,0004-0583-0240,237.53599999999997,1056.438,250941.50699999998,184907.92421599998,121.319,28817.488999999998,6883.177223999999,324.944,77185.777,2524.1740880000143,9407.351312000013,0.2683193179763765,446.26300000000003,0.7281446142745421,106003.266,0.7281452724296249,0.30758454353213344,0.0006892450046993218
68,20210807,Emb3,SMPD3MO,FOV5,0004-0102-0701,301.58799999999997,1043.385,314672.406,228911.33438000001,186.86,56354.852,29126.582596000007,425.811,128419.418,33784.72265600001,62911.30525200002,0.5370214863714969,612.671,0.6950075978787962,184774.27000000002,0.6950070375058172,0.408105349415604,0.0006661084814127059
69,20210807,Emb3,SMPD3MO,FOV5,0004-0876-1010,487.173,918.923,447674.46200000006,309139.51185500005,304.982,148578.884,104595.444041,441.18699999999995,214934.362,62065.320675999974,166660.76471699995,0.37240511155334394,746.169,0.5912695381341224,363513.246,0.5912696837462699,0.48011313243873527,0.0006434375221146086
70,20210807,Emb3,SMPD3MO,FOV5,0004-0543-0421,814.5989999999999,607.665,495002.984,263359.539365,232.655,189520.04100000003,115975.59948300004,404.50699999999995,329511.084,73899.692988,189875.29247100005,0.38920120688839394,637.1619999999999,0.6348573832086659,519031.125,0.6348580424728864,0.665674343593921,0.0010447489705819259
71,20210807,Emb3,ControlMO,FOV3,0004-0572-0592,765.6389999999999,1544.13,1182246.648,973069.479366,383.541,293654.153,240046.407137,523.6030000000001,400890.662,162891.77885000003,402938.185987,0.40425996967995337,907.144,0.5771994302999304,694544.815,0.5771991286120249,0.33909256344996863,0.00037380235491825837
72,20210807,Emb3,ControlMO,FOV3,0004-0541-0912,483.051,2416.633,1167356.038,1035383.606494,226.66299999999998,109489.554,75667.772133,377.68300000000005,182440.18,32283.776649999985,107951.54878299999,0.29905802199184356,604.346,0.6249449818481466,291929.734,0.6249455219933163,0.15628479789856387,0.00025860152611014857
73,20210807,Emb4,ControlMO,FOV6,0004-0364-0551,287.47900000000004,2024.7920000000001,582084.582,496953.1382510001,279.089,80232.198,59109.103516999996,484.67,139332.25699999998,47029.93707499998,106139.04059199998,0.44309743910144944,763.759,0.6345849934337926,219564.455,0.6345847600878748,0.23936779679097903,0.00031340749737938147
74,20210807,Emb4,ControlMO,FOV6,0004-0416-0778,383.046,2968.534,1137084.97,1023653.174974,319.466,122370.084,94225.013058,440.99199999999996,168920.285,45933.790550000005,140158.803608,0.3277267597008669,760.458,0.5799031636198185,291290.369,0.579903433058578,0.14855548226835197,0.0001953500157383471
75,20210807,Emb4,ControlMO,FOV6,0004-1032-0322,481.86,1606.915,774307.885,631614.20134,356.685,171872.447,136466.81978,456.103,219777.81600000002,65064.61650000003,201531.43628000002,0.3228509541786908,812.788,0.5611586293104721,391650.26300000004,0.5611583516286315,0.28383766409548733,0.0003492148802584282
76,20210807,Emb1,ControlMO,FOV6,0004-0620-0628,158.892,3333.217,529620.11,484690.69583599997,241.23,38329.476,23802.298224000006,561.685,89246.996,37187.780011999996,60990.078236,0.6097349124246497,802.915,0.6995572383128973,127576.47200000001,0.6995568587286219,0.16851138104719854,0.00020987449611378355
77,20210807,Emb1,ControlMO,FOV6,0004-0921-0343,206.31599999999997,1346.6670000000001,277839.043,219499.686628,156.811,32352.607999999997,13489.548751999999,398.775,82273.62400000001,14676.456076000017,28166.004828000016,0.521069855864331,555.586,0.7177556669894489,114626.232,0.7177556355512061,0.2961199762079266,0.0005329867495003953
78,20210807,Emb8,ControlMO,FOV4,0004-0625-0685,273.183,2672.8979999999997,730189.035,653917.4341320001,419.32599999999996,114552.498,81063.54039600001,779.196,212862.78,127571.49602100001,208635.03641700002,0.6114576832916123,1198.522,0.6501307443668118,327415.278,0.6501308714127872,0.2915172969563373,0.0002432306598930494
79,20210807,Emb3,SMPD3MO,FOV8,0004-0608-0984,333.75199999999995,1045.401,348904.83200000005,248429.45990400005,148.30100000000002,49495.751,25108.158608,363.67800000000005,121378.353,22722.930560000008,47831.089168000006,0.47506613282814647,511.97900000000004,0.7103377286959036,170874.104,0.7103379046833218,0.34788373074064405,0.0006794882812393556
80,20210807,Emb4,SMPD3MO,FOV7,0004-0524-0716,385.73199999999997,6145.486999999999,2370510.848,2262291.421008,329.38199999999995,127053.18,99123.483076,536.859,207083.657,83942.18758800002,183065.67066400003,0.4585359302130877,866.241,0.6197570883853339,334136.837,0.6197570398381428,0.08735825167313838,0.00010084751434432031
81,20210807,Emb4,SMPD3MO,FOV7,0004-0882-0998,401.278,3378.172,1355585.475,1243004.524432,267.45,107321.60699999999,78266.27085399999,550.619,220951.276,92846.88600200001,171113.15685600002,0.5426051842415318,818.069,0.6730715868710342,328272.88300000003,0.6730719698221311,0.1629931809274365,0.00019924136097008505
82,20210807,Emb4,SMPD3MO,FOV7,0004-0389-0208,389.087,2015.6070000000002,784246.605,675085.912628,416.98800000000006,162244.68300000002,134072.06059100002,641.951,249774.717,125562.194033,259634.25462400002,0.48361181853618673,1058.939,0.6062209437937407,412019.4,0.6062207677599647,0.31849016202067165,0.00030076346420395474
83,20210807,Emb7,ControlMO,FOV5,0004-0436-0399,217.139,2316.435,502988.455,441560.48331700003,268.934,58395.973,44371.833545999994,492.81800000000004,107009.993,46038.881773,90410.715319,0.5092193067000857,761.7520000000001,0.6469533391444985,165405.96600000001,0.6469536473672297,0.2127484690915135,0.0002792883629993928
84,20210807,Emb7,ControlMO,FOV5,0004-0276-0263,225.965,3856.13,871349.2679999999,807424.4473949999,253.143,57201.359000000004,42607.18351,868.0110000000001,196139.766,132690.375755,175297.559265,0.7569436580369606,1121.154,0.7742121064545995,253341.125,0.774212106305283,0.22509899821842108,0.0002007743790937026
85,20210807,Emb7,ControlMO,FOV5,0004-0786-0771,195.995,3043.2290000000003,596457.2420000001,541010.8444850001,255.662,50108.431,37449.89793,728.573,142796.485,87762.46096499998,125212.35889499998,0.7009089337466713,984.235,0.7402429297881095,192904.91599999997,0.7402428510427387,0.2394078789338561,0.00024324259849919588
86,20210807,Emb7,ControlMO,FOV5,0004-0904-0697,190.79,3631.245,692805.125,638831.20637,570.808,108904.413,96582.05006000001,1038.177,198073.798,144501.30153,241083.35159,0.5993831617860825,1608.985,0.6452372147658306,306978.211,0.6452373194656477,0.28590111655919664,0.0001776903554471898
87,20210807,Emb8,ControlMO,FOV9,0004-0990-0918,348.973,2409.429,840825.955,746750.5116059999,305.21299999999997,106511.229,81015.26162,459.401,160318.62,53335.363282000006,134350.624902,0.39698634316665565,764.614,0.6008273455625975,266829.849,0.600827158583746,0.1906679964423106,0.0002493650344386979
88,20210807,Emb8,ControlMO,FOV9,0004-0848-0976,125.95,2954.8320000000003,372162.001,338208.6519,335.32,42233.611,33031.704,615.271,77493.613,38881.6253,71913.3293,0.540673414490351,950.5909999999999,0.6472510259407043,119727.22399999999,0.6472513970590349,0.2082253745729029,0.00021904833369230608
89,20210807,Emb8,ControlMO,FOV9,0004-0813-0880,109.696,2932.978,321736.298,292164.669712,266.762,29262.747000000003,21248.357240000005,463.235,50815.105,17186.041064000005,38434.39830400001,0.44715259825496967,729.9970000000001,0.6345711009771272,80077.85200000001,0.6345712794593941,0.15794015502332442,0.00021635726588372883
90,20210807,Emb7,SMPD3MO,FOV2,0004-0701-0488,726.303,874.275,634988.252,419262.461243,534.706,388358.416,338481.01008100004,382.409,277744.538,44950.626743,383431.63682400004,0.11723244100390419,917.115,0.4169695185445664,666102.954,0.41696938338453904,0.43740127534242657,0.00047693176465593367
91,20210807,Emb7,SMPD3MO,FOV2,0004-0469-0624,877.8939999999999,756.8860000000001,664465.62,403714.422014,809.865,710975.578,650687.963338,382.385,335692.891,54311.18401400006,704999.147352,0.07703723361651521,1192.25,0.3207255189767247,1046668.469,0.32072513975769723,0.5052081819454977,0.0004237434950266284
92,20210807,Emb1,SMPD3MO,FOV1,0004-0762-0740,217.916,5830.394,1270538.11,1210642.371988,489.631,106698.585,90296.04768,631.043,137514.68,70636.477516,160932.525196,0.4389198356887255,1120.674,0.56309238904445,244213.265,0.5630925904045384,0.1082333372324409,9.657878850802364e-05
93,20210807,Emb1,SMPD3MO,FOV1,0004-0607-0732,281.565,4084.178,1149963.445,1072573.333795,371.728,104665.67,83472.27245,645.182,181661.09,95249.073065,178721.345515,0.5329473812461075,1016.9100000000001,0.6344533931223019,286326.76,0.634453761848875,0.15797107765626278,0.00015534420711396562
94,20210807,Emb1,SMPD3MO,FOV1,0004-1039-0988,283.258,1313.9620000000002,372189.865,294334.420894,232.567,65876.295,44555.46534,441.735,125124.74699999999,38193.150058,82748.615398,0.4615563641071282,674.302,0.65509964377979,191001.042,0.6550998135392371,0.3361855213468882,0.0004985681806473778
95,20210807,Emb1,SMPD3MO,FOV1,0004-0886-0807,225.52200000000002,1025.1019999999999,231183.062,169196.761646,166.73,37601.255,20626.21406,355.721,80222.86099999999,11010.384721999988,31636.598781999986,0.34802681533087165,522.451,0.6808695935121188,117824.11599999998,0.6808696192551956,0.34701034628749144,0.0006641969223668659
96,20210807,Emb1,SMPD3MO,FOV1,0004-0784-0994,203.97400000000002,2009.011,409786.80100000004,353723.119282,158.566,32343.467,16990.34402,384.05,78336.283,15736.86637399999,32727.21039399999,0.48084961060063625,542.616,0.707774927388798,110679.75,0.7077743037908921,0.19116371189605236,0.00035230017525478854
97,20210807,Emb4,SMPD3MO,FOV2,0004-0614-0606,192.65,3662.7009999999996,705617.599,650127.8489000001,543.6709999999999,104738.056,87877.52064999999,761.8530000000001,146770.546,88572.13690000001,176449.65755,0.5019683128311064,1305.524,0.583561083518955,251508.602,0.5835607403996464,0.20800305566848076,0.00015932534037557393
98,20210807,Emb4,SMPD3MO,FOV2,0004-0608-0459,179.72099999999998,3324.4440000000004,597472.322,545706.563486,289.256,51985.337999999996,36256.335801,436.29900000000004,78412.162,24119.526226,60375.862027,0.39948955453776847,725.5550000000001,0.6013313945875916,130397.5,0.6013317893364519,0.13123969000530614,0.0001808817939443683
99,20210807,Emb4,SMPD3MO,FOV2,0004-0773-0410,164.25400000000002,2726.577,447850.867,400540.13036400004,352.337,57872.72,43497.374174,801.702,131682.65300000002,82062.50512400002,125559.87929800001,0.6535726665460976,1154.039,0.6946922937613027,189555.37300000002,0.6946922733759702,0.29403240766719585,0.00025478550349441906
100,20210807,Emb3,ControlMO,FOV6,0004-0454-0809,1091.805,1344.908,1468377.866,1172912.505095,951.602,1038963.895,959356.02523,818.207,893322.906,563390.3530499999,1522746.3782799998,0.36998305238878376,1769.809,0.4623137298996671,1932286.801,0.4623138270869967,0.6083739556906496,0.00034375119331557784
101,20210807,Emb8,ControlMO,FOV11,0004-0269-0842,693.666,4103.154,2846219.715,2634115.381182,783.794,543691.289,500841.45918199996,525.1569999999999,364283.42100000003,162679.10942400002,663520.5686059999,0.24517568425312714,1308.951,0.4012044759505894,907974.71,0.40120436944769095,0.12798861558693625,9.777953153856505e-05
102,20210807,Emb8,ControlMO,FOV11,0004-0370-0517,307.993,3677.65,1132691.439,1038515.495411,397.406,122398.49,103372.838411,555.078,170960.363,81446.50945200003,184819.34786300003,0.44068172728524835,952.4839999999999,0.5827688444110347,293358.853,0.5827687191018571,0.15093279675879975,0.00015846229097685606
103,20210807,Emb8,ControlMO,FOV11,0004-0146-0754,461.916,3126.551,1444204.3530000001,1302962.9119320002,272.20799999999997,125737.26,97203.322932,458.851,211950.676,77701.25742400001,174904.580356,0.4442494145427594,731.059,0.6276524876925118,337687.936,0.6276524962976469,0.14675948033472028,0.00020074916023839426
104,20210807,Emb8,ControlMO,FOV1,0004-0703-0790,176.326,1806.235,318487.044,267855.38575200003,294.64099999999996,51953.056,39194.811943999994,721.184,127163.83099999999,72932.477462,112127.289406,0.6504435971685706,1015.8249999999999,0.7099490561858588,179116.887,0.7099488670769496,0.39927473446146267,0.00039305464470894367
105,20210807,Emb8,ControlMO,FOV1,0004-0549-0593,201.938,4979.61,1005570.8409999999,947584.7481759998,295.35400000000004,59643.117999999995,45031.69207199999,793.404,160218.045,98109.38790600002,143141.07997800002,0.6854034349962909,1088.758,0.7287239221204345,219861.163,0.7287237218880718,0.15933054998283,0.00014634156532749242
106,20210807,Emb1,ControlMO,FOV3,0004-0263-0711,159.679,3501.446,559106.46,514727.514246,246.8,39408.766,27785.092874,504.728,80594.336,29706.075811000002,57491.168685000004,0.5167067654123129,751.528,0.6716023887333539,120003.102,0.6716021057522329,0.14414844609912592,0.00019180715302573675
107,20210807,Emb1,ControlMO,FOV3,0004-0929-0315,470.191,2067.361,972053.973,841375.669134,684.107,321661.00899999996,287433.92534599995,589.312,277088.969,127243.329019,414677.25436499994,0.3068490679910794,1273.4189999999999,0.46277933657342957,598749.9779999999,0.462779088402739,0.2850551983906052,0.0002238502789660004
108,20210807,Emb4,ControlMO,FOV3,0004-0759-0374,178.747,1110.191,198443.168,147162.44117,179.63299999999998,32108.795,16789.104617999998,474.399,84797.42199999999,28214.34416199998,45003.44877999998,0.6269373776202402,654.0319999999999,0.7253452430462118,116906.21699999999,0.7253457016747022,0.4273129578604042,0.0006533517593334947
109,20210807,Emb4,ControlMO,FOV3,0004-0873-0556,228.46400000000003,2852.777,651756.417,586212.38004,199.25,45521.404,25940.668416,479.421,109530.26800000001,37209.07494399999,63149.74335999999,0.5892197333547484,678.671,0.706411501301809,155051.67200000002,0.7064113955507684,0.1680541451364758,0.00024762240487139685
110,20210807,Emb4,ControlMO,FOV3,0004-1013-0618,148.167,1141.123,169076.75600000002,126569.12537000002,185.301,27455.541,14756.740098,391.14,57954.099,11051.242481999994,25807.982579999996,0.4282102426155619,576.441,0.6785429905228808,85409.64,0.6785428319332573,0.34276760699766806,0.0005946273894425761
111,20210807,Emb4,ControlMO,FOV3,0004-0180-0731,193.063,2397.01,462773.48299999995,407385.63892999996,241.067,46541.011,29994.353521999998,405.468,78280.859,17165.994097999996,47160.34761999999,0.36399210277916094,646.5350000000001,0.6271400620229376,124821.87,0.6271405724012947,0.1691557398592413,0.00026163431192316157
112,20210807,Emb4,ControlMO,FOV3,0004-0358-0666,412.93699999999995,1111.985,459180.03799999994,340712.54206999997,315.9,130446.636,95055.457478,437.083,180487.926,49771.066902000006,144826.52438000002,0.3436598863023823,752.983,0.5804686161573369,310934.56200000003,0.5804691663707684,0.3930655539418248,0.0005220111927385145
113,20210807,Emb8,SMPD3MO,FOV2,0004-1050-0540,251.96900000000002,1758.795,443162.714,374120.68831,210.19799999999998,52963.374,33700.595919,416.82300000000004,105026.65699999999,21614.587270999982,55315.18318999998,0.3907532439467275,627.021,0.6647672087537739,157990.031,0.6647676206861431,0.2369935097609443,0.0003779674201676568
114,20210807,Emb8,SMPD3MO,FOV2,0004-0299-0260,166.24099999999999,1434.5479999999998,238481.282,192929.58559,238.074,39577.704,26868.745791,512.139,85138.72,30106.133119000006,56974.87891000001,0.5284106556252092,750.213,0.6826581250924738,124716.424,0.6826584444082522,0.3570037391568634,0.0004758698385083482
115,20210807,Emb4,SMPD3MO,FOV1,0004-0501-0901,248.821,2385.258,593502.088,523263.900836,250.058,62219.614,41975.039798,528.58,131521.676,52746.93796800001,94721.97776600001,0.5568606062925058,778.638,0.6788520467791195,193741.29,0.6788520712337571,0.2216028622480252,0.0002846031946142176
116,20210807,Emb4,SMPD3MO,FOV1,0004-0657-0312,305.632,967.363,295657.03,209382.00651200002,161.015,49211.242999999995,24344.412215999997,348.014,106364.06599999999,9603.419855999993,33947.83207199999,0.28288757395854,509.029,0.683682069194486,155575.30899999998,0.6836821773563053,0.3597553348639549,0.0007067482105419435
117,20210807,Emb4,SMPD3MO,FOV1,0004-0534-0404,215.604,738.78,159283.941,98422.38146399999,169.46599999999998,36537.481,18995.508352,360.209,77662.452,9403.950431999998,28399.458784,0.3311313255482918,529.675,0.6800566385047435,114199.933,0.6800568963556222,0.4875727550827039,0.0009205130600513597
118,20210807,Emb7,ControlMO,FOV3,0004-0122-0258,569.113,2061.6420000000003,1173307.522,1011846.7492220001,1112.388,633074.843,587760.927714,1099.265,625606.131,446752.69582900003,1034513.6235430001,0.4318480546432654,2211.6530000000002,0.4970332145232548,1258680.974,0.4970331195297786,0.5331987803896118,0.00024108609279557494
119,20210807,Emb7,ControlMO,FOV3,0004-0118-0512,427.80400000000003,1856.925,794399.895,673029.333376,610.286,261082.822,227020.21191199997,664.357,284214.788,149770.108332,376790.32024399994,0.3974892673331222,1274.643,0.5212102525962171,545297.61,0.5212104047182602,0.35777266179301803,0.00028068460093768846
120,20210807,Emb7,ControlMO,FOV3,0004-0569-0331,151.325,2779.405,420594.381,377662.57055,761.2489999999999,115196.319,103147.51985000001,821.551,124321.47300000001,76765.01922500003,179912.53907500004,0.4266796501215462,1582.8,0.5190491533990397,239517.79200000002,0.519049010772444,0.2955852061862161,0.00018674829807064448
121,20210807,Emb7,ControlMO,FOV3,0004-0790-0246,249.893,1568.9089999999999,392060.042,321163.89854200004,876.784,219102.539,199205.558554,756.567,189061.116,110527.99256900001,309733.551123,0.3568486273710388,1633.351,0.46319927559967206,408163.655,0.463199291960476,0.4822249091566178,0.0002952365469250747
122,20210807,Emb7,ControlMO,FOV3,0004-1054-0507,216.175,1155.078,249698.828,188368.68345,491.57099999999997,106265.321,89053.03515,487.34,105350.65800000001,37413.989275000014,126467.02442500001,0.29583987956629754,978.911,0.4978389250912494,211615.979,0.4978388612137839,0.4219109012551533,0.0004310002658619153
123,20210807,Emb7,SMPD3MO,FOV4,0004-0498-0287,193.761,1112.765,215610.82,162870.238366,541.326,104888.12199999999,86858.27342799999,397.89599999999996,77096.792,16475.562974000008,103333.83640199999,0.15944015578696863,939.222,0.423644250241157,181984.914,0.42364386313911717,0.35757415087642036,0.00038071313371750275
124,20210807,Emb7,SMPD3MO,FOV4,0004-0814-0289,198.602,1107.964,220044.121,165985.848212,417.676,82951.4,64471.08669599999,372.934,74065.583,11929.769668,76400.85636399999,0.15614706739885834,790.61,0.471704127192927,157016.983,0.47170428054906643,0.3365939687571077,0.00042573957925792446
125,20210807,Emb7,SMPD3MO,FOV4,0004-1049-0347,302.20799999999997,960.454,290256.762,207997.557648,317.041,95812.174,67691.115184,369.815,111761.09599999999,17210.487871999998,84901.60305599999,0.20271098839733548,686.856,0.5384170772330736,207573.27,0.5384175717807982,0.3850418656177183,0.0005605860116497757
126,20210807,Emb7,SMPD3MO,FOV4,0004-0701-1007,233.452,2517.931,587816.654,524272.420312,537.31,125436.174,103712.998496,496.728,115962.195,42923.00156800001,146636.00006400002,0.29271803342471187,1034.038,0.48037693005479487,241398.369,0.4803768786026885,0.19727625578302185,0.00019078240430527875
127,20210807,Emb7,SMPD3MO,FOV4,0004-0760-1133,196.65400000000002,1704.886,335272.771,281744.732124,639.443,125749.116,107450.067992,494.275,97201.209,35674.858636,143124.926628,0.24925678200502085,1133.7179999999998,0.43597702426882173,222950.325,0.4359769782798029,0.289916745166539,0.0002557220977055485
128,20210807,Emb3,ControlMO,FOV8,0004-0713-0176,372.912,858.385,320101.86600000004,212629.37342400005,1348.513,502876.28,475188.30982400005,707.335,263773.56,150140.561184,625328.8710080001,0.2400985595659139,2055.848,0.34405996941408123,766649.8400000001,0.3440600209347203,0.8240300098440677,0.0004008224391317197
129,20210807,Emb3,ControlMO,FOV8,0004-0650-0349,593.9169999999999,962.873,571866.994,400701.30243399995,602.269,357698.31,313601.160584,501.93800000000005,298109.848,117132.64759400001,430733.80817800004,0.2719374364632997,1104.207,0.4545687538658965,655808.158,0.4545686789092977,0.5212920083957074,0.0004720962721624726
130,20210807,Emb3,ControlMO,FOV8,0004-0822-0922,720.6060000000001,936.002,674488.335,466811.12701199995,376.81800000000004,271537.278,218033.72371199998,395.115,284721.895,65140.275891999976,283173.99960399995,0.23003621795466508,771.933,0.5118514171566704,556259.173,0.511851145688882,0.42213050826814474,0.0005468486361745705
131,20210807,Emb3,ControlMO,FOV8,0004-0401-0529,1236.627,890.8510000000001,1101650.236,745256.807854,614.318,759682.3809999999,667865.299504,441.57099999999997,546059.187,169236.68081400002,837101.9803180001,0.20216972936763336,1055.889,0.41819831440615446,1305741.568,0.41819851675274233,0.49567323828563914,0.00046943688047288985
132,20210807,Emb1,SMPD3MO,FOV2,0004-0384-0938,569.044,6010.254,3420100.4869999997,3261115.2838399997,505.708,287770.363,247014.29363200002,494.80300000000005,281564.804,99017.195932,346031.48956400005,0.2861508241829718,1000.5110000000001,0.49455028480446495,569335.167,0.49455017065545154,0.0823264707281922,8.228442338784101e-05
133,20210807,Emb1,SMPD3MO,FOV2,0004-0479-0562,314.182,1769.0929999999998,555817.181,468037.87202,606.1569999999999,190443.735,167941.39179599998,667.373,209676.58399999997,108887.94094599996,276829.33274199994,0.3933396069970721,1273.53,0.5240339842799149,400120.31899999996,0.524033831933439,0.37724020161743904,0.00029621618777526953
134,20210807,Emb8,ControlMO,FOV2,0004-0333-0374,207.438,971.237,201471.27800000002,142145.25462800002,126.012,26139.631,11514.007372000002,397.399,82435.635,19283.21028,30797.217652,0.6261348183428425,523.4110000000001,0.7592484682209583,108575.266,0.7592487500790465,0.40916789619835325,0.0007817334679598886
135,20210807,Emb8,ControlMO,FOV2,0004-0927-0316,202.05599999999998,1353.0220000000002,273385.887,215599.08333599998,221.94400000000002,44845.065,30598.904664,546.99,110522.462,49008.53336000001,79607.438024,0.6156275666756785,768.934,0.7113614432448039,155367.527,0.711361403081353,0.40427280561587314,0.00052575748453817
136,20210807,Emb8,ControlMO,FOV2,0004-0289-0921,145.648,1490.412,217075.793,175421.338888,212.025,30881.053,20611.995112,561.8240000000001,81828.7,37487.622879999995,58099.617992,0.6452301095191683,773.849,0.7260124391192597,112709.753,0.7260125927167989,0.3769588543302121,0.00048712197641944625
137,20210807,Emb3,SMPD3MO,FOV3,0004-0768-1006,477.659,768.3889999999999,367027.487,234714.51102300003,334.764,159902.968,125739.363343,355.87,169984.55,18661.701140999998,144401.064484,0.1292352047935752,690.634,0.5152801628648459,329887.518,0.5152803326132516,0.4631378117073514,0.000670598047167315
138,20210807,Emb3,ControlMO,FOV5,0004-0640-0464,563.948,1055.4569999999999,595222.6510000001,438927.28254000004,353.68300000000005,199458.435,159572.648752,491.787,277342.326,98211.575124,257784.223876,0.3809836523248295,845.47,0.5816729156563805,476800.761,0.5816734130590031,0.4659469784178797,0.000551110007945734
139,20210807,Emb3,ControlMO,FOV5,0004-0469-0801,930.316,1674.023,1557371.083,1299538.6551800002,581.075,540583.128,474785.598584,785.687,730937.1109999999,435434.3277079999,910219.9262919999,0.4783836467762759,1366.7620000000002,0.5748528273393612,1271520.239,0.5748529111694304,0.4693406243522341,0.00034339601507229063
140,20210807,Emb8,ControlMO,FOV7,0004-0628-0508,166.615,2839.948,473178.684,428652.324785,264.368,44047.773,32884.568,654.814,109101.95199999999,57997.13273999999,90881.70073999999,0.6381607327741564,919.182,0.7123877534590538,153149.72499999998,0.7123875148975946,0.2305725316097337,0.0002508453512032804
141,20210807,Emb8,ControlMO,FOV7,0004-0624-0698,225.502,2338.232,527276.6429999999,467013.26301799994,202.641,45695.91099999999,30587.276999999995,606.619,136793.966,67627.09055199998,98214.36755199998,0.6885661664134277,809.26,0.7495971628401256,182489.87699999998,0.7495975571291552,0.2594349063737046,0.00032058288606097495
142,20210807,Emb4,SMPD3MO,FOV9,0004-0111-0738,170.325,2988.453,509007.11,460398.73955,270.019,45990.897000000004,28664.416050000007,364.26599999999996,62043.395,10856.304049999999,39520.720100000006,0.27469904451462657,634.285,0.5742938899705968,108034.292,0.5742935307985356,0.12189115907126528,0.00019217096269226816
143,20210807,Emb4,SMPD3MO,FOV9,0004-0842-0532,359.776,1663.308,598419.01,495743.976464,246.10299999999998,88542.094,51943.520624,348.798,125489.48199999999,17367.439823999986,69310.96044799998,0.25057277682697493,594.901,0.5863126805972759,214031.576,0.5863129373022978,0.2097013902416149,0.0003524979622518956
144,20210807,Emb4,SMPD3MO,FOV9,0004-0652-0290,170.187,3410.653,580448.37,531879.382818,305.786,52040.791,34728.34823799999,496.588,84512.74699999999,33367.12863799998,68095.47687599997,0.49000506595703297,802.374,0.6188984189417902,136553.538,0.6188982595236748,0.14559909788536096,0.0001814603886533723
145,20210807,Emb4,ControlMO,FOV5,0004-0559-0472,236.178,1420.621,335518.985,268889.156174,246.495,58216.685,41078.19225199999,422.402,99761.864,24273.706928,65351.89917999999,0.3714307806287689,668.8969999999999,0.6314903490372957,157978.549,0.6314899372825611,0.2973361649588454,0.0004445171154286018
146,20210807,Emb4,ControlMO,FOV5,0004-0698-0915,190.33700000000002,1951.625,371467.222,317769.918571,155.90200000000002,29673.963,15861.968257999997,363.283,69146.38799999999,8310.11471199998,24172.082969999978,0.34378976451113796,519.1850000000001,0.6997178269788226,98820.351,0.699718097540455,0.18614385448024084,0.0003585308791283277
147,20210807,Emb1,ControlMO,FOV5,0004-0358-0971,173.945,1903.356,331080.105,282171.29357,229.14700000000002,39859.151,27138.031315,647.04,112549.671,59740.14294500001,86878.17426,0.6876311968321974,876.187,0.7384724950267465,152408.822,0.7384721535345244,0.339946914817827,0.00038798443119770896
148,20210807,Emb1,ControlMO,FOV5,0004-0567-0956,234.34799999999998,1403.835,328985.479,263092.91444799997,356.231,83481.905,66343.332716,606.995,142247.739,71099.92054800001,137443.253264,0.5173038243749353,963.226,0.6301688284992307,225729.644,0.6301686233111677,0.43238343537523993,0.0004488909512152288
149,20210807,Emb1,ControlMO,FOV5,0004-0804-0866,147.055,2600.3179999999998,382390.13700000005,341042.09443000006,281.27299999999997,41362.712999999996,30608.139684999995,515.123,75751.473,31105.722055,61713.86173999999,0.5040313663411334,796.396,0.6468176635744027,117114.18599999999,0.6468172267363068,0.1981000016151871,0.00024874560095126936
150,20210807,Emb1,ControlMO,FOV5,0004-0394-0731,187.641,1467.221,275311.48699999996,222551.71646599995,324.809,60947.625,47224.875747,484.514,90914.881,33947.261041,81172.136788,0.41821322419614504,809.3230000000001,0.5986657984512981,151862.506,0.5986657496617368,0.33022564426218,0.0004080270105534872
151,20210807,Emb3,SMPD3MO,FOV10,0004-0785-0704,391.173,1468.255,574341.674,463634.238578,217.02700000000002,84894.98599999999,50326.636816999984,435.965,170537.862,46737.08392199999,97063.72073899998,0.48150929684298754,652.992,0.66764217632069,255432.848,0.6676426439875892,0.29692730486189384,0.00045471813569215836
152,20210807,Emb3,SMPD3MO,FOV10,0004-0613-0167,367.63800000000003,851.315,312975.594,208928.89306799998,234.96,86380.257,53891.71930199999,390.001,143379.226,27026.945931999988,80918.66523399999,0.33400138094027715,624.961,0.624040540129704,229759.483,0.6240405145758444,0.4581159735233139,0.0007330312987903466
153,20210807,Emb3,SMPD3MO,FOV10,0004-0160-0976,246.97099999999998,2000.609,494092.72,424196.469406,367.50300000000004,90762.69,68937.61575900001,441.901,109136.724,30973.860094000018,99911.47585300003,0.3100130373368914,809.404,0.5459585077414987,199899.414,0.5459581987569009,0.22088324105309934,0.0002728961569909456
154,20210807,Emb3,SMPD3MO,FOV6,0004-0498-0447,768.5419999999999,630.0,484181.275,271729.36723000003,264.778,203492.918,143692.66498,344.086,264444.547,18108.39099200006,161801.05597200006,0.11191763170651832,608.864,0.5651278446418248,467937.465,0.5651279642676186,0.546168253968254,0.0008970283248282933
155,20210807,Emb3,SMPD3MO,FOV6,0004-0884-0356,837.425,632.325,529525.34,298031.760125,199.28799999999998,166888.747,101728.70775,355.584,297775.201,29360.39030000003,131089.09805000003,0.22397278444010182,554.872,0.6408396891535345,464663.948,0.6408399065210026,0.5623437314672043,0.0010134656848195698
156,20210807,Emb3,SMPD3MO,FOV6,0004-0152-0941,691.216,2028.6029999999998,1402203.85,1211127.55504,173.80900000000003,120139.285,66355.76804,351.711,243108.669,21557.35181599998,87913.11985599998,0.24521199851979447,525.52,0.6692628253919928,363247.954,0.6692636980413659,0.17337596365577693,0.00032991315964335695
157,20210807,Emb4,ControlMO,FOV8,0004-0468-0401,360.07199999999995,2152.967,775222.39,669870.7238800001,555.526,200029.053,173765.04124800002,596.578,214810.931,101582.32980800002,275347.37105600006,0.3689242770628823,1152.1039999999998,0.5178160999354225,414839.98400000005,0.5178163612117003,0.27709574740346693,0.00024051278999419058
158,20210807,Emb4,ControlMO,FOV8,0004-0507-1060,299.089,2901.8979999999997,867925.5179999999,780416.5629349999,395.791,118376.74900000001,96560.898251,461.96,138167.091,44115.26497099998,140676.163222,0.3135944566627255,857.751,0.5385712170548329,256543.84,0.5385710722970389,0.15919236306720638,0.00018559274552545712
159,20210807,Emb4,ControlMO,FOV8,0004-0726-1169,240.025,4924.8640000000005,1182089.4679999999,1111861.7533749999,334.73699999999997,80345.269,62837.605475000004,577.191,138540.131,63061.629474999994,125899.23495,0.5008896956367088,911.928,0.6329348369608128,218885.4,0.6329345447435051,0.11719937850060427,0.00012851823663776558
160,20210807,Emb1,ControlMO,FOV8,0004-0665-0531,202.233,2647.232,535357.17,478139.994009,320.402,64795.71599999999,50055.559328999996,641.196,129670.931,69801.87367999999,119857.43300899999,0.5823741751148519,961.598,0.6668025515860059,194466.647,0.6668029351069132,0.24221375383797114,0.0002518867071665823
161,20210807,Emb1,ControlMO,FOV8,0004-0504-0547,167.324,1776.1789999999999,297196.898,249856.42065199997,159.862,26748.73,14552.985611999999,421.528,70531.56599999999,20996.96903999998,35549.95465199998,0.5906327939244989,581.39,0.725034830320439,97280.29599999999,0.7250344509642528,0.23732292747521508,0.00040819919068992434
162,20210807,Emb1,ControlMO,FOV8,0004-0094-0762,216.204,2405.401,520058.13,458888.180892,192.71200000000002,41665.206,25906.745052,440.168,95166.257,31161.224839999988,57067.96989199999,0.5460370309119458,632.88,0.6954999367968652,136831.463,0.6954998135187666,0.18299152615301983,0.0002891409527130259
163,20210807,Emb4,SMPD3MO,FOV4,0003-1077-0726,296.58,1946.235,577214.3960000001,490781.7900200001,181.96099999999998,53965.929000000004,12786.389160000013,377.71,112021.095,18522.767100000012,31309.156260000025,0.5916086318705542,559.6709999999999,0.67487863405465,165987.024,0.6748786278618985,0.19407214442243614,0.0003467611229140623
164,20210807,Emb4,SMPD3MO,FOV4,0003-0612-1113,383.4,1770.0320000000002,678630.625,566895.9796,163.359,62632.029,9397.70580000001,431.176,165312.809,44444.042000000016,53841.74780000003,0.8254568957362115,594.535,0.7252323244216068,227944.83800000002,0.7252316413500006,0.24359785585797317,0.00040972836899084693
165,20210807,Emb4,SMPD3MO,FOV4,0003-1015-0312,290.185,1375.963,399283.19899999996,314714.294265,179.16400000000002,51990.72,11699.113120000002,359.833,104418.099,12935.826824999996,24634.939945,0.5251008061671976,538.9970000000001,0.6675974077777798,156408.81900000002,0.6675972599729174,0.2615135726760095,0.00048518558113683273
166,20210807,Emb4,SMPD3MO,FOV4,0003-0423-0302,246.715,998.567,246361.8,174461.40083499998,133.506,32938.005,-1317.87932,393.042,96969.587,19191.449674999996,17873.570354999996,1.0737334116141677,526.548,0.7464504660543767,129907.592,0.7464504999830956,0.3936060374516682,0.0007475216645997482
167,20210807,Emb4,SMPD3MO,FOV4,0003-0394-0434,235.676,1156.714,272609.523,203926.230644,191.38,45103.764,12380.622752000007,385.87800000000004,90942.037,16643.999620000002,29024.62237200001,0.5734441401744621,577.258,0.6684671325473186,136045.801,0.6684663277479618,0.33359845216708717,0.0005779018258163372
168,20210807,Emb4,SMPD3MO,FOV4,0003-0383-0545,149.141,4521.193,674295.41,630831.099229,173.58599999999998,25888.763,5180.833432000003,399.309,59553.425,12535.979045000007,17716.81247700001,0.70757530798919,572.895,0.6970020684418612,85442.188,0.6970025744190915,0.08831938826765413,0.00015416330787954886
169,20210807,Emb1,SMPD3MO,FOV7,0004-0901-0504,708.691,1044.895,740507.051,538426.647114,332.165,235402.31399999998,175924.00444299998,365.98199999999997,259368.133,42802.08507399997,218726.08951699996,0.19568806432061817,698.1469999999999,0.5242191114478756,494770.447,0.5242191294420623,0.3502572028768441,0.0005016954923201619
170,20210807,Emb1,SMPD3MO,FOV7,0004-0634-0424,823.808,1165.347,960022.015,725116.459032,234.857,193476.883,124337.148984,345.98199999999997,285023.08,33278.888512000005,157616.037496,0.21113897443871826,580.8389999999999,0.5956590380466876,478499.963,0.5956595653906038,0.29689182706953376,0.0005111430655819148
171,20210807,Emb1,SMPD3MO,FOV7,0004-0525-0710,181.315,4065.085,737060.444,685359.19701,280.47900000000004,50855.022000000004,35637.797995,560.4069999999999,101610.06,46202.73441,81840.532405,0.5645458680713233,840.886,0.6664482462545457,152465.082,0.6664480723527241,0.137858617962478,0.00016394447994434204
172,20210807,Emb1,SMPD3MO,FOV7,0004-0428-0769,159.767,4009.442,640577.677,595020.7560180001,414.45,66215.478,52806.712991,564.883,90249.748,41427.189538000006,94233.90252900001,0.43962086283385104,979.3330000000001,0.5768038042218531,156465.22600000002,0.5768038707846815,0.14088818344298285,0.00014386136630031138
173,20210807,Emb7,ControlMO,FOV1,0004-0616-0893,299.453,3130.579,937461.012,855211.154849,837.1,250672.181,229889.543894,714.814,214053.31100000002,121649.30207200003,351538.84596600005,0.34604796445103436,1551.914,0.4606015539520875,464725.492,0.4606016125321569,0.2283328419439343,0.00014712982932297427
174,20210807,Emb7,ControlMO,FOV1,0004-0883-0963,476.006,1043.93,496916.876,366173.735998,286.803,136519.76,103483.991588,395.341,188184.81600000002,41300.78854400004,144784.78013200004,0.28525642340545865,682.144,0.579556515926256,324704.576,0.5795570186235997,0.3787045108388493,0.0005551679862885979
175,20210807,Emb7,ControlMO,FOV1,0004-0784-0412,303.694,2272.632,690183.891,606769.1711019999,248.418,75443.047,54366.076012000005,517.789,157249.324,63536.644256,117902.720268,0.5388904014392321,766.207,0.6757821319826104,232692.37099999998,0.6757820349855819,0.22783671091492155,0.00029735660326115726
176,20210807,Emb7,ControlMO,FOV1,0004-0581-0366,288.807,1900.7279999999998,548943.6170000001,469617.86473100004,200.77900000000002,57986.519,37942.735585999995,547.2669999999999,158054.605,68935.69616800001,106878.431754,0.6449916511375088,748.0459999999999,0.7315953831716231,216041.124,0.7315949948492214,0.287924942443106,0.0003849027231521939
177,20210807,Emb4,SMPD3MO,FOV3,0004-0538-0813,576.0790000000001,718.6160000000001,413979.89,245368.479648,228.761,131784.173,58766.159750000006,358.48800000000006,206517.545,27297.63986299999,86063.799613,0.3171791157925668,587.249,0.6104531467912249,338301.718,0.6104537281717264,0.4988589176973516,0.0008494844907311064
178,20210807,Emb4,SMPD3MO,FOV3,0004-0328-0688,331.80400000000003,1018.416,337914.274,240799.22484799998,164.954,54732.335,12676.177999999993,374.972,124417.207,21191.987187999985,33868.16518799998,0.6257199665339013,539.9259999999999,0.6944877631379115,179149.542,0.6944879993050722,0.3681913874094672,0.000681929352188017
179,20210807,Emb4,SMPD3MO,FOV3,0004-1079-0877,458.45300000000003,655.6289999999999,300574.995,166391.30333599998,183.615,84178.769,26069.85125,389.736,178675.741,36049.637340999994,62119.488590999994,0.5803273362141449,573.351,0.6797511472030222,262854.51,0.6797514754454851,0.5944459442764125,0.0010367923737403658
180,20210807,Emb3,SMPD3MO,FOV1,0004-0538-0545,505.936,770.049,389595.466,247412.27192000003,303.112,153355.156,116711.22339199999,390.846,197743.234,41702.95881599997,158414.18220799995,0.2632526850483843,693.9580000000001,0.5632127592736159,351098.39,0.563213160846451,0.5075599085253016,0.0007313985983666182
181,20210807,Emb3,SMPD3MO,FOV1,0004-0756-0255,791.693,717.6089999999999,568126.119,345636.63521,260.73400000000004,206421.083,149080.34239600002,348.17900000000003,275651.142,31477.978632999962,180558.32102899998,0.1743369037417234,608.913,0.5718041822066535,482072.225,0.571804654375182,0.48519319016344564,0.0007968185769780669
182,20210807,Emb3,SMPD3MO,FOV1,0004-0344-0999,405.715,612.16,248362.453,134344.36655000004,187.011,75873.094,46487.96798,333.36699999999996,135252.101,10121.886414999986,56609.85439499999,0.17880078518438997,520.3779999999999,0.6406246997374985,211125.195,0.640625108718076,0.5445749477260846,0.0010464987907368964
183,20210807,Emb8,ControlMO,FOV10,0004-0115-0686,226.988,2445.024,554991.208,491044.14863999997,472.70599999999996,107298.67199999999,89994.922784,574.698,130449.489,60486.1127,150481.035484,0.40195173103012855,1047.404,0.5486879943173789,237748.161,0.5486876889028808,0.23504799952883898,0.00022441006481628767
184,20210807,Emb8,ControlMO,FOV10,0004-0637-0630,532.325,2597.343,1382630.145,1232663.546,848.072,451449.675,410869.4756,675.9910000000001,359846.598,195770.72487499999,606640.200475,0.32271307559523965,1524.063,0.4435453127593807,811296.273,0.4435452373882654,0.2602625067232168,0.00017076886370393928
185,20210807,Emb3,ControlMO,FOV7,0004-0602-0646,788.377,3552.453,2800673.5560000003,2568287.6095950003,1045.374,824149.569,749342.840601,601.313,474061.29,230363.710399,979706.551,0.23513541903324478,1646.687,0.36516532893014886,1298210.859,0.3651650937238078,0.16926698256106415,0.00010279244480648972
186,20210807,Emb1,ControlMO,FOV2,0004-0290-1029,334.529,3103.048,1038060.429,940833.254969,507.03,169616.371,126527.02862600001,846.268,283101.57300000003,183439.69690700003,309966.7255330001,0.5918044802762884,1353.298,0.6253375088118064,452717.944,0.6253376451099981,0.27272153057252096,0.0002015236337987058
187,20210807,Emb1,ControlMO,FOV2,0004-0576-0675,383.24300000000005,2092.6910000000003,802008.7640000001,690623.4017230001,338.156,129595.839,80231.84114199999,494.50699999999995,189516.174,75341.56916899997,155573.41031099996,0.4842830726561046,832.663,0.5938861219965339,319112.01300000004,0.593886053421624,0.23630196718005664,0.00028379064180833854
188,20210807,Emb1,ControlMO,FOV2,0004-0941-0515,384.532,2216.776,852420.663,740660.667052,505.18699999999995,194260.193,144730.164208,591.308,227376.522,112817.902156,257548.066364,0.43804600728996057,1096.495,0.5392710409076193,421636.71499999997,0.5392711638027063,0.2667423321075291,0.00024326817003956168
189,20210807,Emb1,ControlMO,FOV2,0004-1104-0483,363.102,1475.692,535826.761,430295.158822,453.36800000000005,164618.828,117849.11178800001,448.142,162721.112,54546.853465999986,172395.96525399998,0.3164044668077542,901.51,0.49710152965579973,327339.94,0.49710130697769417,0.30368261127660784,0.00033685994750652556
190,20210807,Emb1,ControlMO,FOV2,0004-0893-0792,359.265,1687.911,606407.167,501990.746665,247.172,88800.095,42524.60741,423.575,152175.674,45144.52299499999,87669.13040499999,0.5149420644011006,670.747,0.6314974200406412,240975.769,0.6314978249950102,0.250946288044808,0.0003741295720216535
191,20210807,Emb8,SMPD3MO,FOV3,0004-0532-0516,228.1,1136.123,259149.46899999998,192419.9545,245.32,55957.450999999994,39641.22989999999,451.249,102929.906,28168.0781,67809.30799999999,0.4154013502099152,696.569,0.6478166556364122,158887.357,0.6478168429725973,0.3971832275202597,0.0005701994023854919
192,20210807,Emb3,ControlMO,FOV2,0004-0677-0648,575.499,1269.0639999999999,730344.66,572440.970877,426.634,245527.14899999998,203721.75064199997,507.92699999999996,292311.559,114485.82099399998,318207.57163599995,0.35978345959963887,934.5609999999999,0.5434926131092567,537838.708,0.543492974105538,0.4002374978724477,0.0004282625723440715
193,20210807,Emb3,ControlMO,FOV2,0004-0664-0428,195.15900000000002,3307.1209999999996,645412.806,591865.665057,205.33,40071.823,25895.082921999994,405.885,79212.00200000001,18909.041953999993,44804.12487599999,0.4220379709755007,611.215,0.6640625639095898,119283.82500000001,0.6640632290253938,0.12273061675094442,0.00020079778269666877
194,20210807,Emb3,SMPD3MO,FOV4,0004-0399-0828,172.106,1325.672,228155.474,179493.36302999998,219.87400000000002,37841.516,21163.928282000004,467.837,80517.345,25820.165034000005,46984.09331600001,0.5495512036454937,687.711,0.6802813972729824,118358.861,0.6802815126786325,0.35290554526308165,0.0005131596633805213
195,20210807,Emb3,SMPD3MO,FOV4,0004-0943-0234,307.482,1107.077,340405.839,253466.84090999997,242.801,74656.932,44861.003754000005,458.569,141001.617,43280.45509799999,88141.458852,0.4910340226007948,701.37,0.6538189543322355,215658.549,0.653818815223504,0.41421599400945014,0.0005905812823608795
196,20210807,Emb3,SMPD3MO,FOV4,0004-1106-0554,303.526,939.409,285135.521,199315.06213,148.172,44974.252,15561.672022000002,374.505,113672.194,17208.29241400001,32769.96443600001,0.5251239270524061,522.677,0.7165132577098284,158646.446,0.7165127039782536,0.398660221479675,0.0007627276912503802
197,20210807,Emb3,SMPD3MO,FOV4,0004-1093-1068,523.814,812.453,425574.11600000004,277468.32657000003,178.481,93490.68800000001,42731.539958000016,387.025,202729.158,36255.30684600002,78986.84680400003,0.45900435721867544,565.506,0.6843870798895149,296219.846,0.6843874937400378,0.47636601748039575,0.0008423712878031282
198,20210807,Emb3,SMPD3MO,FOV4,0004-0896-1151,443.81199999999995,763.201,338717.725,213232.10106,186.12599999999998,82605.192,39598.477764,365.33099999999996,162138.312,21089.976468000037,60688.45423200004,0.3475121707232351,551.4569999999999,0.6624832035861364,244743.50400000002,0.6624825964737352,0.47868254889603123,0.000868032410316727
199,20210807,Emb1,ControlMO,FOV7,0004-0815-0338,243.39,5086.04,1237890.034,1169777.09911,228.285,55562.135,32427.42872,542.3290000000001,131997.30800000002,54670.60127000003,87098.02999000002,0.627690445768715,770.614,0.7037621948212724,187559.44300000003,0.7037625293011773,0.10663089554938618,0.0001383713448618714
200,20210807,Emb1,ControlMO,FOV7,0004-0143-0785,130.083,1743.431,226790.24899999998,190386.39136699997,173.666,22590.982999999997,10226.333683999996,438.574,57050.85,15722.570318999999,25948.904002999996,0.6059049860904447,612.24,0.7163432640794459,79641.833,0.7163427541905019,0.2515579911106319,0.0004108813391980789
201,20210807,Emb4,ControlMO,FOV7,0004-0957-0381,345.441,2701.6440000000002,933258.2320000001,835329.1629100001,784.7919999999999,271099.211,246446.12315300002,534.67,184696.895,78561.87495499999,325007.998108,0.24172289732049582,1319.462,0.4052181874127485,455796.106,0.4052182380864833,0.1979054235124983,0.00014998948322308508
202,20210807,Emb4,ControlMO,FOV7,0004-0391-0721,288.6,3633.687,1048683.615,966868.401,280.16200000000003,80854.787,60258.2708,515.447,148758.339,60087.432,120345.7028,0.49929021645133476,795.609,0.6478647174680024,229613.126,0.6478651355497856,0.14185233896040028,0.0001782940350855763
203,20210807,Emb1,SMPD3MO,FOV5,0004-0309-0949,739.841,2514.72,1860493.076,1659621.065613,270.827,200368.81699999998,138178.522381,443.084,327811.675,99288.10723799997,237466.62961899996,0.41811393624991183,713.9110000000001,0.6206431894171682,528180.492,0.6206432838113983,0.17619615702742256,0.00024680409326571876
204,20210807,Emb1,SMPD3MO,FOV5,0004-0536-0618,200.226,3102.24,621147.917,566785.156418,799.316,160043.519,143212.721666,537.804,107682.2,45835.992668,189048.714334,0.2424559872278195,1337.12,0.40221072155079574,267725.719,0.4022108910649709,0.17335989478570324,0.00012965171023221792
205,20210807,Emb1,SMPD3MO,FOV5,0004-1019-0846,207.28,920.523,190806.28600000002,134528.31504000002,201.238,41712.611000000004,24288.861480000003,340.20300000000003,70517.30900000001,6492.248040000006,30781.10952000001,0.21091663495046115,541.441,0.628328848387913,112229.92000000001,0.6283289607619786,0.36957577377208395,0.0006825781087359175
206,20210807,Emb3,SMPD3MO,FOV9,0004-0533-0668,633.136,1126.157,713010.8640000001,529163.9980000001,307.58099999999996,194740.371,138044.94160800002,442.519,280174.471,67762.40808800005,205807.34969600008,0.3292516432872418,750.0999999999999,0.5899466737768299,474914.84200000006,0.5899467572335841,0.39294609898975014,0.0005238582842151049
207,20210807,Emb7,SMPD3MO,FOV3,0004-0670-0562,174.595,4839.389,844932.1059999999,796080.9487849999,201.373,35158.679,20891.473979999995,413.776,72243.12599999999,15808.784149999985,36700.25812999998,0.4307540315929651,615.149,0.6726435383947629,107401.805,0.6726434997996541,0.08550170279760523,0.0001389934841763625
208,20210807,Emb7,SMPD3MO,FOV3,0004-0906-0171,220.09099999999998,2464.154,542337.577,480756.775473,538.145,118440.821,100455.864844,903.413,198832.81600000002,127692.80207000002,228148.666914,0.5596912039732999,1441.558,0.6266920928606411,317273.637,0.6266918924625308,0.3666219724903557,0.0002543234281869725
209,20210807,Emb7,SMPD3MO,FOV3,0004-0785-0212,156.816,2465.214,386583.905,342707.258648,485.286,76100.338,63285.961744,701.5310000000001,110011.046,59323.410319999995,122609.372064,0.48384074823443507,1186.817,0.5911029248822692,186111.38400000002,0.5911032610450094,0.2845720493231014,0.00023977753042221455
210,20210807,Emb7,SMPD3MO,FOV3,0004-0674-0214,107.669,4998.455,538179.86,508054.396807,475.837,51232.962,42434.681996,786.176,84646.972,49845.12112999999,92279.80312599998,0.5401520098817382,1262.013,0.6229539632317576,135879.934,0.6229541736456833,0.15728380069441458,0.00012462930310100972
211,20210807,Emb7,ControlMO,FOV4,0004-0439-0896,163.96900000000002,1941.444,318335.807,271535.61105099996,394.973,64763.157999999996,53218.756585999996,737.847,120983.677,69332.130248,122550.886834,0.5657415628653353,1132.82,0.6513364877032538,185746.835,0.6513364117348217,0.3800506221142613,0.0003354907417897471
212,20210807,Emb7,ControlMO,FOV4,0004-0272-0550,232.47799999999998,2430.177,564963.193,498609.08976199996,412.779,95962.05300000001,79594.20693200002,586.617,136375.568,63143.13817600001,142737.34510800004,0.44237293420459595,999.396,0.586971530804606,232337.621,0.5869715262342295,0.24138859021379921,0.00024153447703793014
213,20210807,Emb7,ControlMO,FOV4,0004-0344-0423,291.08,1469.069,427616.388,344536.04332,269.091,78327.01400000001,57833.23552000001,426.5,124145.52,32452.991360000015,90286.22688000003,0.3594456483726303,695.591,0.613147668673114,202472.534,0.6131474602871321,0.290319923706783,0.00041737159294295503
214,20210807,Emb4,SMPD3MO,FOV6,0004-0761-0939,234.94799999999998,2950.151,693131.5179999999,625610.752072,332.103,78026.991,61256.637707999995,430.533,101152.856,26018.13023600001,87274.767944,0.2981174381660297,762.636,0.5645327521910847,179179.847,0.5645325503598627,0.14593591989020224,0.00019135723974504515
215,20210807,Emb8,ControlMO,FOV8,0004-0639-0576,270.28,2602.119,703300.777,630082.19528,369.909,99979.07199999999,81605.97815999998,446.015,120549.005,32686.65288000001,114292.63104,0.2859909040729002,815.924,0.5466379221594168,220528.077,0.5466379004429446,0.1714045360723318,0.0002100741442491357
216,20210807,Emb8,ControlMO,FOV8,0004-0859-0936,294.642,3031.197,893116.777,813298.553842,232.252,68431.036,48401.86212399999,423.89599999999996,124897.385,29115.458281999992,77517.32040599998,0.3755993902976347,656.1479999999999,0.6460371745398904,193328.42099999997,0.6460373718150836,0.1398444244963293,0.00021312939229614254
217,20210807,Emb8,ControlMO,FOV8,0004-0966-0183,189.54,5199.218,985461.82,934115.62354,694.326,131602.858,118718.30788000001,779.7860000000001,147800.975,86185.50134000002,204903.80922000002,0.4206144418109125,1474.112,0.5289869426475058,279403.833,0.5289869269617358,0.1499814010491578,0.00010174355886741155
