,Date,Embryo,Treatment,FOV,ROI,Area,Mean,IntDen,CTCF
0,20210804,Emb1,DMSO;1percent,FOV3,0002-2872-2754,1579.685,1004.5239999999999,1586831.054,1293998.52681
1,20210804,Emb1,DMSO;1percent,FOV3,0002-3014-1854,2612.541,426.274,1113657.189,629360.013666
2,20210804,Emb1,DMSO;1percent,FOV3,0002-3268-0928,850.7330000000001,670.829,570696.681,412992.90185799997
3,20210804,Emb1,DMSO;1percent,FOV3,0002-3218-0542,824.096,1079.1019999999999,889283.1329999999,736517.1610959999
4,20210804,Emb1,DMSO;1percent,FOV3,0002-2260-1270,713.2460000000001,418.29699999999997,298348.903,166131.63899599997
5,20210804,Emb1,DMSO;1percent,FOV3,0002-2162-1750,778.334,604.716,470671.13,326388.24308399996
6,20210804,Emb1,DMSO;1percent,FOV3,0002-1778-2902,649.799,470.236,305558.916,185103.07617400002
7,20210804,Emb1,DMSO;1percent,FOV3,0002-1672-2512,821.6139999999999,792.569,651185.839,498879.96536400006
8,20210804,Emb1,DMSO;1percent,FOV3,0002-2542-3290,1522.3,698.905,1063943.462,781748.6218000001
9,20210804,Emb1,DMSO;1percent,FOV3,0002-2228-3234,1490.1970000000001,869.311,1295445.041,1019201.262322
10,20210804,Emb1,DMSO;1percent,FOV3,0002-2250-2026,817.762,583.034,476783.30700000003,325191.49401200004
11,20210804,Emb1,DMSO;1percent,FOV3,0002-1726-1366,813.0010000000001,525.398,427149.39,276440.142626
12,20210804,Emb1,DMSO;1percent,FOV3,0002-1554-1644,742.65,653.2090000000001,485105.891,347437.88989999995
13,20210804,Emb1,DMSO;1percent,FOV3,0002-1414-3218,586.989,800.544,469910.461,361097.962114
14,20210804,Emb1,DMSO;1percent,FOV3,0004-0883-3080,553.224,567.261,313822.21,211268.86422400002
15,20210804,Emb1,DMSO;1percent,FOV3,0004-1123-2939,454.92699999999996,510.82,232385.657,148054.019302
16,20210804,Emb1,DMSO;1percent,FOV3,0004-0623-2483,643.668,446.06199999999995,287115.76,167796.44816799997
17,20210804,Emb1,DMSO;1percent,FOV3,0004-0766-2769,363.92699999999996,410.478,149383.72,81921.116302
18,20210804,Emb1,DMSO;1percent,FOV3,0004-1459-2303,699.29,773.3910000000001,540824.561,411194.37653999997
19,20210804,Emb1,DMSO;1percent,FOV3,0004-1864-2576,229.403,690.9780000000001,158512.321,115986.96927799999
20,20210804,Emb1,DMSO;1percent,FOV3,0004-1966-3376,539.315,321.809,173556.43,73581.45118999996
21,20210804,Emb1,DMSO;1percent,FOV3,0004-1112-3388,650.816,618.571,402575.63200000004,281931.266816
22,20210804,Emb1,DMSO;1percent,FOV3,0004-2030-2698,439.465,247.27700000000002,108669.509,27204.124089999998
23,20210804,Emb1,DMSO;1percent,FOV3,0004-1846-2080,407.145,264.76599999999996,107797.984,32323.886769999997
24,20210804,Emb1,DMSO;1percent,FOV3,0004-1256-0816,550.518,482.83099999999996,265807.07399999996,163755.35026799995
25,20210804,Emb1,DMSO;1percent,FOV3,0004-1484-0460,511.606,523.513,267832.36199999996,172993.91135599994
26,20210804,Emb1,DMSO;1percent,FOV3,0004-0800-0774,342.01599999999996,425.639,145575.291,82174.41701599999
27,20210804,Emb1,DMSO;1percent,FOV3,0004-1064-0934,576.6,430.293,248106.582,141219.9336
28,20210804,Emb1,DMSO;1percent,FOV3,0004-0764-1786,387.45099999999996,684.117,265062.281,193238.93932600002
29,20210804,Emb1,DMSO;1percent,FOV3,0004-0792-1964,403.103,526.939,212410.80800000002,137685.992478
30,20210804,Emb1,DMSO;1percent,FOV3,0004-0694-2214,519.9069999999999,386.524,200956.69100000002,104579.45078200003
31,20210804,Emb1,DMSO;1percent,FOV3,0004-0392-2202,220.00400000000002,622.327,136914.298,96131.27650400001
32,20210804,Emb1,DMSO;1percent,FOV3,0004-0712-1276,737.727,355.462,262234.232,125478.82710200001
33,20210804,Emb1,DMSO;1percent,FOV3,0004-0708-1576,442.13699999999994,468.043,206939.302,124978.59776199999
34,20210804,Emb1,DMSO;1percent,FOV3,0004-0450-1676,564.285,519.091,292914.892,188311.12441
35,20210804,Emb1,DMSO;1percent,FOV3,0004-0606-0256,538.705,427.616,230358.688,130496.78732999998
36,20210804,Emb1,DMSO;1percent,FOV3,0004-0436-0352,553.706,679.745,376378.75399999996,273736.057956
37,20210804,Emb2,GW4869;25uM,FOV3,0004-1350-2358,347.88800000000003,224.058,77947.18400000001,14542.856560000007
38,20210804,Emb2,GW4869;25uM,FOV3,0004-1574-3071,340.605,218.888,74554.431,12477.466724999998
39,20210804,Emb2,GW4869;25uM,FOV3,0004-1296-2828,266.145,220.882,58786.612,10280.355025000004
40,20210804,Emb2,GW4869;25uM,FOV3,0004-1155-2670,497.05300000000005,235.745,117177.75,26587.355484999993
41,20210804,Emb2,GW4869;25uM,FOV3,0004-1257-3345,538.312,215.395,115949.37800000001,17839.32444000001
42,20210804,Emb2,GW4869;25uM,FOV3,0004-1676-3281,326.812,215.609,70463.601,10900.479939999997
43,20210804,Emb2,GW4869;25uM,FOV3,0004-1243-1941,523.643,212.338,111189.36099999999,15752.806034999987
44,20210804,Emb2,GW4869;25uM,FOV3,0004-1858-2354,459.19199999999995,209.97099999999998,96417.256,12727.218040000007
45,20210804,Emb2,GW4869;25uM,FOV3,0004-1812-2507,391.69,222.361,87096.618,15709.157050000009
46,20210804,Emb2,GW4869;25uM,FOV3,0004-2683-2709,684.9739999999999,241.704,165560.766,40720.82963000002
47,20210804,Emb2,GW4869;25uM,FOV3,0004-2765-1066,456.731,218.74099999999999,99905.859,16664.350594999996
48,20210804,Emb2,GW4869;25uM,FOV3,0004-2744-1256,350.371,251.44,88097.242,24240.375395000003
49,20210804,Emb2,GW4869;25uM,FOV3,0004-2345-1274,314.442,227.149,71425.387,14116.760290000006
50,20210804,Emb2,GW4869;25uM,FOV3,0004-2260-1000,475.08099999999996,234.18099999999998,111255.08,24669.192345000018
51,20210804,Emb2,GW4869;25uM,FOV3,0004-1996-0983,519.4730000000001,215.497,111945.079,17268.527384999994
52,20210804,Emb2,GW4869;25uM,FOV3,0004-2516-0560,415.49300000000005,240.28400000000002,99836.125,24110.44828499999
53,20210804,Emb2,GW4869;25uM,FOV3,0004-2519-0334,662.4730000000001,232.204,153829.166,33090.14938499998
54,20210804,Emb2,GW4869;25uM,FOV3,0004-2682-1629,483.301,220.745,106686.165,18602.14124499999
55,20210804,Emb2,GW4869;25uM,FOV3,0004-2473-1575,304.168,227.648,69243.265,13807.12616
56,20210804,Emb2,GW4869;25uM,FOV3,0004-1109-1633,556.906,209.821,116850.707,15351.803970000008
57,20210804,Emb2,GW4869;25uM,FOV3,0004-1874-0635,636.5880000000001,211.078,134369.93099999998,18348.58505999997
58,20210804,Emb2,GW4869;25uM,FOV3,0004-3186-1772,282.013,240.429,67804.336,16406.056685000003
59,20210804,Emb3,GW4869;25uM,FOV3,0002-0966-3157,624.8430000000001,246.544,154051.184,42732.279335
60,20210804,Emb3,GW4869;25uM,FOV3,0002-1204-2802,609.619,278.57599999999996,169825.099,61218.426054999974
61,20210804,Emb3,GW4869;25uM,FOV3,0002-1535-2846,554.289,413.223,229045.06600000002,130295.70920500002
62,20210804,Emb3,GW4869;25uM,FOV3,0002-1814-2452,307.376,249.171,76589.321,21828.74972
63,20210804,Emb3,GW4869;25uM,FOV3,0002-2005-2459,471.23,223.517,105327.69099999999,21375.710349999994
64,20210804,Emb3,GW4869;25uM,FOV3,0002-1868-2036,390.93,227.437,88912.08099999999,19265.946849999993
65,20210804,Emb3,GW4869;25uM,FOV3,0002-1577-2503,737.6189999999999,236.105,174155.301,42744.78805500001
66,20210804,Emb3,GW4869;25uM,FOV3,0002-1710-1682,653.4540000000001,221.148,144510.128,28094.03062999998
67,20210804,Emb3,GW4869;25uM,FOV3,0002-1995-1411,440.591,270.952,119378.962,40885.472395000004
68,20210804,Emb3,GW4869;25uM,FOV3,0002-1605-1303,643.811,225.082,144910.363,30212.214294999998
69,20210804,Emb3,GW4869;25uM,FOV3,0002-2563-1432,344.091,224.28099999999998,77173.055,15871.522894999995
70,20210804,Emb3,GW4869;25uM,FOV3,0002-2442-1571,378.846,240.361,91059.79400000001,23566.484870000015
71,20210804,Emb3,GW4869;25uM,FOV3,0002-2737-1518,353.51,301.684,106648.54800000001,43668.973950000014
72,20210804,Emb3,GW4869;25uM,FOV3,0002-2864-1567,385.62699999999995,231.78099999999998,89381.05900000001,20679.680815000014
73,20210804,Emb3,GW4869;25uM,FOV3,0002-2862-1354,424.356,240.32299999999998,101982.746,26381.60282
74,20210804,Emb3,GW4869;25uM,FOV3,0002-2834-0958,473.162,264.961,125369.635,41073.458889999994
75,20210804,Emb3,GW4869;25uM,FOV3,0002-2892-0816,374.506,235.69400000000002,88268.86,21548.743570000006
76,20210804,Emb3,GW4869;25uM,FOV3,0002-2405-0674,424.01,219.15599999999998,92924.239,17384.73745
77,20210804,Emb3,GW4869;25uM,FOV3,0002-1692-0513,476.36300000000006,225.278,107313.944,22447.493734999996
78,20210804,Emb3,GW4869;25uM,FOV3,0002-1837-0783,415.371,223.433,92807.394,18806.973495
79,20210804,Emb3,GW4869;25uM,FOV3,0002-1869-0346,590.332,221.082,130511.90199999999,25341.304539999983
80,20210804,Emb3,GW4869;25uM,FOV3,0002-0408-2145,654.2130000000001,214.429,140282.34,23731.02298499999
81,20210804,Emb3,GW4869;25uM,FOV3,0002-0774-2233,348.336,211.438,73651.51400000001,11593.71392000001
82,20210804,Emb3,GW4869;25uM,FOV3,0002-0781-1969,386.99,236.338,91460.476,22516.272549999994
83,20210804,Emb3,GW4869;25uM,FOV3,0002-1168-1755,525.2909999999999,233.76,122792.18199999999,29208.963894999993
84,20210804,Emb3,GW4869;25uM,FOV3,0002-1065-1612,318.877,246.049,78459.61099999999,21650.07906499999
85,20210804,Emb3,GW4869;25uM,FOV3,0002-0648-0985,410.54900000000004,242.317,99483.21800000001,26341.860904999994
86,20210804,Emb3,GW4869;25uM,FOV3,0002-0768-1164,349.13,255.264,89120.054,26920.798850000006
87,20210804,Emb3,GW4869;25uM,FOV3,0002-0510-0951,331.61300000000006,265.115,87915.45800000001,28836.943985000005
88,20210804,Emb3,GW4869;25uM,FOV3,0002-0636-0561,589.2130000000001,228.582,134683.485,29712.242984999975
89,20210804,Emb2,GW4869;25uM,FOV4,0004-1356-2793,490.19699999999995,209.02900000000002,102465.606,13220.340180000014
90,20210804,Emb2,GW4869;25uM,FOV4,0004-2679-1776,402.717,232.387,93586.25099999999,20267.59397999999
91,20210804,Emb2,GW4869;25uM,FOV4,0004-2916-1638,476.017,235.832,112260.07800000001,25596.422980000003
92,20210804,Emb2,GW4869;25uM,FOV4,0004-2867-0246,705.441,240.49,169651.616,41219.027539999995
93,20210804,Emb2,GW4869;25uM,FOV4,0004-2511-0457,584.31,245.58700000000002,143498.844,37119.365400000024
94,20210804,Emb2,GW4869;25uM,FOV4,0004-0315-2105,664.487,221.58900000000003,147242.816,26266.312779999993
95,20210804,Emb2,GW4869;25uM,FOV4,0004-0184-2359,389.289,206.472,80377.223,9503.267659999998
96,20210804,Emb2,GW4869;25uM,FOV4,0004-0412-1808,358.162,236.007,84528.984,19322.010280000002
97,20210804,Emb2,GW4869;25uM,FOV4,0004-0583-2345,409.369,228.692,93619.487,19089.76685999999
98,20210804,Emb2,GW4869;25uM,FOV4,0004-0913-2441,429.144,235.887,101229.368,23099.41136
99,20210804,Emb3,DMSO;1percent,FOV3,0002-2946-1510,608.852,381.74300000000005,232425.36899999998,100701.456504
100,20210804,Emb3,DMSO;1percent,FOV3,0002-3106-1615,596.252,374.68199999999996,223405.21,94407.28230400001
101,20210804,Emb3,DMSO;1percent,FOV3,0002-2619-1315,592.089,592.4019999999999,350754.25,222656.979028
102,20210804,Emb3,DMSO;1percent,FOV3,0002-2990-0839,746.584,410.70599999999996,306626.167,145104.21176800004
103,20210804,Emb3,DMSO;1percent,FOV3,0002-3433-1073,428.744,459.18699999999995,196873.674,104115.767088
104,20210804,Emb3,DMSO;1percent,FOV3,0002-2763-3074,367.541,551.7,202772.547,123255.786732
105,20210804,Emb3,DMSO;1percent,FOV3,0002-2403-2919,389.85900000000004,723.46,282047.269,197702.05406799997
106,20210804,Emb3,DMSO;1percent,FOV3,0002-0494-1160,546.612,447.49699999999996,244607.143,126348.73002400003
107,20210804,Emb3,DMSO;1percent,FOV3,0002-0765-1200,420.39599999999996,650.702,273552.408,182600.57419200003
108,20210804,Emb3,DMSO;1percent,FOV3,0002-1031-1213,611.8969999999999,566.122,346408.566,214025.87384400002
109,20210804,Emb3,DMSO;1percent,FOV3,0002-2615-2826,456.961,572.989,261833.693,162971.094572
110,20210804,Emb3,DMSO;1percent,FOV3,0002-2473-2584,327.849,673.9939999999999,220968.41100000002,150038.93554800004
111,20210804,Emb3,DMSO;1percent,FOV3,0002-2313-2692,298.913,519.1759999999999,155188.413,90519.183276
112,20210804,Emb3,DMSO;1percent,FOV3,0002-1220-2576,366.185,646.828,236858.587,157635.19462000002
113,20210804,Emb3,DMSO;1percent,FOV3,0002-0991-2506,299.618,543.155,162739.038,97917.282936
114,20210804,Emb4,GW4869;25uM,FOV2,0002-1671-3391,754.097,239.425,180549.55899999998,21566.304877999995
115,20210804,Emb4,GW4869;25uM,FOV2,0002-1942-3000,1316.89,219.102,288533.707,10899.055859999964
116,20210804,Emb4,GW4869;25uM,FOV2,0002-1630-3019,327.727,233.804,76623.893,7530.520497999998
117,20210804,Emb4,GW4869;25uM,FOV2,0002-0706-3438,935.169,262.97700000000003,245928.305,48770.365406
118,20210804,Emb4,GW4869;25uM,FOV2,0002-0379-3122,634.215,223.951,142032.762,8323.750409999979
119,20210804,Emb4,GW4869;25uM,FOV2,0002-1012-2810,725.846,376.416,273219.805,120192.596204
120,20210804,Emb4,GW4869;25uM,FOV2,0002-2018-2316,565.092,224.752,127005.356,7869.270008000007
121,20210804,Emb4,GW4869;25uM,FOV2,0002-1803-2463,271.0,353.16,95706.614,38572.768000000004
122,20210804,Emb4,GW4869;25uM,FOV2,0002-1883-2168,465.18699999999995,219.59799999999998,102154.222,4080.7075380000024
123,20210804,Emb4,GW4869;25uM,FOV2,0002-2275-2290,351.537,238.06599999999997,83688.938,9575.798437999998
124,20210804,Emb4,GW4869;25uM,FOV2,0002-2413-2110,341.86,227.72799999999998,77850.881,5777.904639999993
125,20210804,Emb4,GW4869;25uM,FOV2,0002-2054-1763,688.812,222.05700000000002,152955.416,7735.937287999986
126,20210804,Emb4,GW4869;25uM,FOV2,0002-2260-1946,213.595,245.707,52481.990999999995,7450.611529999995
127,20210804,Emb4,GW4869;25uM,FOV2,0002-2052-0555,403.083,223.78099999999998,90202.401,5222.024441999994
128,20210804,Emb4,GW4869;25uM,FOV2,0002-2109-0885,384.02,227.801,87480.129,6518.728480000005
129,20210804,Emb4,GW4869;25uM,FOV2,0002-1788-0793,276.805,237.481,65735.885,7378.194069999998
130,20210804,Emb4,GW4869;25uM,FOV2,0002-1820-0679,357.389,222.894,79659.908,4313.014685999995
131,20210804,Emb4,GW4869;25uM,FOV2,0002-2370-1574,523.121,228.935,119760.62800000001,9473.120054000014
132,20210804,Emb4,GW4869;25uM,FOV2,0002-1862-1632,403.727,230.358,93001.64199999999,7885.493497999996
133,20210804,Emb4,GW4869;25uM,FOV2,0002-3198-1032,405.015,322.315,130542.554,45154.86161000001
134,20210804,Emb4,GW4869;25uM,FOV2,0002-1922-1182,380.467,254.488,96824.29199999999,16611.95625799999
135,20210804,Emb1,GW4869;25uM,FOV3,0004-0716-2576,784.7769999999999,208.93599999999998,163968.305,17212.651669000013
136,20210804,Emb1,GW4869;25uM,FOV3,0004-0644-2160,472.599,361.42800000000005,170810.593,82433.162203
137,20210804,Emb1,GW4869;25uM,FOV3,0004-0930-2390,567.919,266.356,151268.835,45066.27824300001
138,20210804,Emb1,GW4869;25uM,FOV3,0004-1056-2846,616.339,210.505,129742.34300000001,14485.100983000011
139,20210804,Emb1,GW4869;25uM,FOV3,0004-0796-3024,478.32300000000004,248.172,118706.513,29258.677031
140,20210804,Emb1,GW4869;25uM,FOV3,0004-1522-2972,461.654,214.752,99140.93800000001,12810.255038000018
141,20210804,Emb1,GW4869;25uM,FOV3,0004-1314-2742,511.30800000000005,230.68200000000002,117949.55300000001,22333.423076000006
142,20210804,Emb1,GW4869;25uM,FOV3,0004-0546-1734,466.7,232.68900000000002,108596.005,21321.70490000001
143,20210804,Emb1,GW4869;25uM,FOV3,0004-0682-1564,399.441,275.093,109883.64,35186.974677000006
144,20210804,Emb1,GW4869;25uM,FOV3,0004-0936-1384,662.602,218.04,144473.969,20565.40719400003
145,20210804,Emb1,GW4869;25uM,FOV3,0004-1142-1666,449.69199999999995,237.345,106732.069,22638.315924000024
146,20210804,Emb1,GW4869;25uM,FOV3,0004-1302-1364,516.014,223.31099999999998,115231.439,18735.272958
147,20210804,Emb1,GW4869;25uM,FOV3,0004-2366-1664,393.907,279.351,110038.27699999999,36376.48627899999
148,20210804,Emb1,GW4869;25uM,FOV3,0004-2808-1832,393.039,214.294,84225.799,10726.326883000002
149,20210804,Emb1,GW4869;25uM,FOV3,0004-2830-2106,502.57300000000004,201.178,101106.671,7124.012281000003
150,20210804,Emb1,GW4869;25uM,FOV3,0004-2828-2390,397.407,219.445,87208.837,12892.535779000013
151,20210804,Emb1,GW4869;25uM,FOV3,0004-2380-2184,641.9730000000001,233.71400000000003,150038.381,29987.504080999992
152,20210804,Emb1,GW4869;25uM,FOV3,0004-2462-2020,322.472,226.861,73156.231,12852.999584000005
153,20210804,Emb1,GW4869;25uM,FOV3,0004-2538-1866,287.384,236.101,67851.86,14110.189848000002
154,20210804,Emb1,GW4869;25uM,FOV3,0004-2220-1988,425.767,232.468,98977.214,19357.50769900001
155,20210804,Emb1,GW4869;25uM,FOV3,0004-2020-2134,437.539,229.19099999999997,100279.883,18458.777383000008
156,20210804,Emb1,GW4869;25uM,FOV3,0004-1718-2618,459.32099999999997,220.335,101204.765,15310.360037000006
157,20210804,Emb1,GW4869;25uM,FOV3,0004-2040-0870,745.404,235.463,175514.643,36121.85878800001
158,20210804,Emb1,GW4869;25uM,FOV3,0004-3200-1798,335.329,220.40900000000002,73909.704,11202.175013
159,20210804,Emb1,GW4869;25uM,FOV3,0004-2962-1580,441.527,254.412,112329.771,29762.897419
160,20210804,Emb1,GW4869;25uM,FOV3,0004-2542-1394,345.651,318.828,110203.189,45565.415047
161,20210804,Emb1,GW4869;25uM,FOV3,0004-1708-1640,358.413,223.11,79965.75099999999,12941.444760999992
162,20210804,Emb1,GW4869;25uM,FOV3,0004-2400-0496,476.668,206.359,98364.55699999999,9226.210995999994
163,20210804,Emb1,GW4869;25uM,FOV3,0004-2830-0880,400.404,220.14700000000002,88147.763,13271.013788000011
164,20210804,Emb1,GW4869;25uM,FOV3,0004-3254-3362,904.4019999999999,215.567,194959.277,25833.389794000017
165,20210804,Emb1,GW4869;25uM,FOV3,0004-2360-3282,744.8610000000001,223.33599999999998,166354.366,27063.124417000014
166,20210804,Emb1,GW4869;25uM,FOV3,0004-2154-3170,407.606,291.091,118650.41,42426.86518200001
167,20210804,Emb1,GW4869;25uM,FOV3,0004-3404-2558,327.815,219.293,71887.63799999999,10585.249554999995
168,20210804,Emb1,GW4869;25uM,FOV3,0004-2708-2716,510.657,225.595,115201.58,19707.189029000016
169,20210804,Emb1,GW4869;25uM,FOV3,0004-2664-2468,444.673,215.833,95975.261,12820.075981000002
170,20210804,Emb4,DMSO;1percent,FOV2,0002-3050-3111,581.482,309.462,179946.674,70399.53557400001
171,20210804,Emb4,DMSO;1percent,FOV2,0002-2693-3311,692.5219999999999,325.653,225522.122,95055.82485400002
172,20210804,Emb4,DMSO;1percent,FOV2,0002-3420-3395,360.86800000000005,290.87,104965.88,36980.874876
173,20210804,Emb4,DMSO;1percent,FOV2,0002-2787-2913,488.18300000000005,612.764,299141.30199999997,207171.04208099996
174,20210804,Emb4,DMSO;1percent,FOV2,0002-0936-2744,541.607,483.102,261651.86800000002,159616.900449
175,20210804,Emb4,DMSO;1percent,FOV2,0002-1440-3147,493.33,435.527,214858.831,121918.91231000001
176,20210804,Emb4,DMSO;1percent,FOV2,0002-0605-2678,308.726,440.051,135854.94,77693.122682
177,20210804,Emb4,DMSO;1percent,FOV2,0002-0764-2862,217.766,505.469,110073.88,69048.28996200001
178,20210804,Emb4,DMSO;1percent,FOV2,0002-0426-2373,383.55199999999996,484.976,186013.55800000002,113755.04606400002
179,20210804,Emb4,DMSO;1percent,FOV2,0002-0600-2184,374.967,376.765,141274.46,70633.301969
180,20210804,Emb4,DMSO;1percent,FOV2,0002-0423-2132,331.87699999999995,327.865,108811.031,46287.72733900001
181,20210804,Emb4,DMSO;1percent,FOV2,0002-0254-2033,450.05800000000005,345.689,155580.232,70792.45520599998
182,20210804,Emb4,DMSO;1percent,FOV2,0002-0558-1781,458.399,543.365,249078.14,162718.97719300003
183,20210804,Emb4,DMSO;1percent,FOV2,0002-0778-2132,442.001,532.274,235265.997,151996.102607
184,20210804,Emb4,DMSO;1percent,FOV2,0002-2104-1779,541.8919999999999,334.455,181238.41199999998,79149.752444
185,20210804,Emb4,DMSO;1percent,FOV2,0002-2221-1904,288.402,407.215,117441.44,63108.522014
186,20210804,Emb4,DMSO;1percent,FOV2,0002-2167-1485,292.47,503.376,147222.499,92123.19829
187,20210804,Emb4,DMSO;1percent,FOV2,0002-1951-1529,367.785,435.17400000000004,160050.50400000002,90762.384495
188,20210804,Emb4,DMSO;1percent,FOV2,0002-3046-1700,408.16900000000004,571.53,233280.829,156384.646583
189,20210804,Emb4,DMSO;1percent,FOV2,0002-2876-2234,554.567,350.337,194285.2,89808.659169
190,20210804,Emb4,DMSO;1percent,FOV2,0002-2744-2574,294.607,666.466,196345.18899999998,140843.29244899997
191,20210804,Emb4,DMSO;1percent,FOV2,0002-3197-1889,418.13800000000003,409.835,171367.615,92593.34276599999
192,20210804,Emb4,DMSO;1percent,FOV2,0002-3419-1706,299.48900000000003,402.319,120490.23800000001,64068.60682300001
193,20210804,Emb4,DMSO;1percent,FOV2,0002-1790-2502,476.36300000000006,425.309,202601.451,112857.99634099999
194,20210804,Emb4,DMSO;1percent,FOV2,0002-2006-3318,401.659,427.64099999999996,171765.80800000002,96096.06401300002
195,20210804,Emb4,DMSO;1percent,FOV2,0002-1033-2450,385.32199999999995,541.122,208506.258,135914.290454
196,20210804,Emb4,DMSO;1percent,FOV1,0002-1699-2965,340.57099999999997,500.019,170291.995,80474.226883
197,20210804,Emb4,DMSO;1percent,FOV1,0002-1697-2792,274.127,707.7589999999999,194015.475,121720.783671
198,20210804,Emb4,DMSO;1percent,FOV1,0002-1493-2892,255.09099999999998,757.0989999999999,193129.322,125854.93784299998
199,20210804,Emb4,DMSO;1percent,FOV1,0002-1275-2997,458.853,537.085,246443.268,125431.342869
200,20210804,Emb4,DMSO;1percent,FOV1,0002-1623-3237,595.6759999999999,696.823,415080.67100000003,257984.82654800004
201,20210804,Emb4,DMSO;1percent,FOV1,0002-2011-2952,421.528,565.977,238575.285,127406.97014399999
202,20210804,Emb4,DMSO;1percent,FOV1,0002-1691-3452,512.339,475.517,243625.961,108508.33354699999
203,20210804,Emb4,DMSO;1percent,FOV1,0002-2062-3316,342.32800000000003,538.362,184296.14800000002,94015.011544
204,20210804,Emb4,DMSO;1percent,FOV1,0002-2213-2696,443.94800000000004,327.80300000000005,145527.414,28446.33980399996
205,20210804,Emb4,DMSO;1percent,FOV1,0002-2509-2832,346.356,525.961,182169.77,90826.34118799998
206,20210804,Emb4,DMSO;1percent,FOV1,0002-2682-2287,330.94800000000004,562.899,186290.37699999998,99010.45380399996
207,20210804,Emb4,DMSO;1percent,FOV1,0002-3227-2460,405.334,587.74,238231.282,131333.76218199998
208,20210804,Emb4,DMSO;1percent,FOV1,0002-3268-2714,297.916,521.923,155489.06900000002,76920.57606800001
209,20210804,Emb4,DMSO;1percent,FOV1,0002-3268-3175,306.95599999999996,519.288,159398.291,78445.705988
210,20210804,Emb4,DMSO;1percent,FOV1,0002-3081-3292,272.072,556.55,151421.676,79668.943656
211,20210804,Emb4,DMSO;1percent,FOV1,0002-1855-1833,419.535,582.323,244304.785,133662.078055
212,20210804,Emb4,DMSO;1percent,FOV1,0002-2156-1707,481.592,782.6210000000001,376903.774,249894.96061599997
213,20210804,Emb4,DMSO;1percent,FOV1,0002-2182-1958,338.856,648.3340000000001,219691.728,130326.25168799999
214,20210804,Emb4,DMSO;1percent,FOV1,0002-2433-1363,388.272,704.127,273393.017,170995.20725599997
215,20210804,Emb4,DMSO;1percent,FOV1,0002-2328-1053,525.04,675.586,354709.76200000005,216242.53792000003
216,20210804,Emb4,DMSO;1percent,FOV1,0002-2948-1586,348.485,657.015,228959.93899999998,137055.03540499997
217,20210804,Emb4,DMSO;1percent,FOV1,0002-2836-1630,282.149,618.335,174462.724,100052.41467699998
218,20210804,Emb4,DMSO;1percent,FOV1,0002-3305-1769,275.686,589.808,162602.161,89896.319278
219,20210804,Emb4,DMSO;1percent,FOV1,0002-3206-1640,399.57,776.054,310087.787,204710.38961
220,20210804,Emb4,DMSO;1percent,FOV1,0002-0646-1416,582.825,693.7230000000001,404319.279,250612.59022499996
221,20210804,Emb4,DMSO;1percent,FOV1,0003-1351-1722,496.504,579.594,287770.787,156829.27659199998
222,20210804,Emb4,DMSO;1percent,FOV1,0003-1549-1419,466.089,761.2810000000001,354824.742,231904.488297
223,20210804,Emb4,DMSO;1percent,FOV1,0003-0684-1117,440.204,529.077,232901.90899999999,116808.22869199998
224,20210804,Emb4,DMSO;1percent,FOV1,0003-0185-1041,420.93199999999996,612.388,257773.42,146762.28643600002
225,20210804,Emb4,DMSO;1percent,FOV1,0003-0236-0701,314.219,531.073,166873.16,84005.125787
226,20210804,Emb4,DMSO;1percent,FOV1,0003-0975-0856,329.395,521.346,171728.992,84858.636835
227,20210804,Emb4,DMSO;1percent,FOV1,0003-1374-0178,235.201,790.174,185849.772,123820.917873
228,20210804,Emb4,DMSO;1percent,FOV1,0003-1621-0675,227.104,697.528,158411.386,98517.92939199999
229,20210804,Emb4,DMSO;1percent,FOV1,0003-2299-0717,419.833,758.4810000000001,318435.32,207714.02240899997
230,20210804,Emb4,DMSO;1percent,FOV1,0003-1803-0870,364.57099999999997,723.38,263723.093,167575.876883
231,20210804,Emb4,DMSO;1percent,FOV1,0003-1647-1069,300.384,658.5010000000001,197803.533,118584.16183199998
232,20210804,Emb4,DMSO;1percent,FOV1,0003-2016-1393,387.031,578.678,223966.31399999998,121895.78946299996
233,20210804,Emb4,DMSO;1percent,FOV1,0003-1438-0432,472.009,734.451,346667.815,222186.29745699998
234,20210804,Emb4,DMSO;1percent,FOV1,0003-2438-0342,458.86699999999996,636.863,292235.478,171219.860691
235,20210804,Emb4,DMSO;1percent,FOV1,0003-0991-2574,462.075,552.328,255216.928,133355.27447499998
236,20210804,Emb4,DMSO;1percent,FOV1,0003-1300-2457,354.18199999999996,546.797,193665.49800000002,100258.14168600002
237,20210804,Emb2,DMSO;1percent,FOV3,0004-1759-1945,349.719,627.257,219363.967,141746.632702
238,20210804,Emb2,DMSO;1percent,FOV3,0004-1927-2006,665.674,627.381,417631.066,269890.047092
239,20210804,Emb2,DMSO;1percent,FOV3,0004-2005-2300,418.056,490.155,204912.285,112128.100248
240,20210804,Emb2,DMSO;1percent,FOV3,0004-2237-2363,567.865,597.81,339475.62299999996,213442.52916999994
241,20210804,Emb2,DMSO;1percent,FOV3,0004-2882-2377,418.144,642.102,268491.404,175687.68835199997
242,20210804,Emb2,DMSO;1percent,FOV3,0004-3420-2225,289.887,558.248,161828.655,97490.554446
243,20210804,Emb2,DMSO;1percent,FOV3,0004-2890-1689,391.425,450.898,176492.955,89619.30764999999
244,20210804,Emb2,DMSO;1percent,FOV3,0004-2719-1835,466.564,288.653,134675.049,31124.90171199999
245,20210804,Emb2,DMSO;1percent,FOV3,0004-2741-2097,331.67400000000004,697.32,231282.871,157670.48009199998
246,20210804,Emb2,DMSO;1percent,FOV3,0004-2103-1624,498.064,509.38699999999994,253707.255,143165.93471200002
247,20210804,Emb2,DMSO;1percent,FOV3,0004-2517-1598,417.046,649.5840000000001,270906.157,178346.133668
248,20210804,Emb2,DMSO;1percent,FOV3,0004-1860-1100,545.758,427.599,233365.272,112238.64996399998
249,20210804,Emb2,DMSO;1percent,FOV3,0004-1761-1304,323.441,627.7330000000001,203034.705,131249.562578
250,20210804,Emb2,DMSO;1percent,FOV3,0004-1236-0787,546.592,457.85400000000004,250259.157,128947.43533600001
251,20210804,Emb2,DMSO;1percent,FOV3,0004-1342-1387,412.875,445.298,183852.635,92218.33175000001
252,20210804,Emb2,DMSO;1percent,FOV3,0004-0773-2415,640.9630000000001,523.117,335298.24199999997,193041.63185399995
253,20210804,Emb2,DMSO;1percent,FOV3,0004-1067-2737,406.30400000000003,426.48800000000006,173283.81600000002,83107.893632
254,20210804,Emb2,DMSO;1percent,FOV3,0004-1114-2556,395.833,660.32,261376.77899999998,173524.811314
255,20210804,Emb2,DMSO;1percent,FOV3,0004-1262-2344,245.84099999999998,658.883,161980.58,107418.13677799999
256,20210804,Emb2,DMSO;1percent,FOV3,0004-1456-2848,545.697,594.144,324222.157,203109.07342600002
257,20210804,Emb2,DMSO;1percent,FOV3,0004-1962-3168,355.85699999999997,557.345,198335.009,119355.39470599999
258,20210804,Emb2,DMSO;1percent,FOV3,0004-1514-3175,350.94699999999995,436.279,153110.603,75220.723926
259,20210804,Emb1,GW4869;25uM,FOV4,0002-1008-0811,777.846,201.924,157065.56,17813.23554200001
260,20210804,Emb1,GW4869;25uM,FOV4,0002-1282-1084,334.665,231.25799999999998,77393.913,17481.180705
261,20210804,Emb1,GW4869;25uM,FOV4,0002-1278-0723,625.508,253.511,158573.239,46592.920316
262,20210804,Emb1,GW4869;25uM,FOV4,0002-1283-0450,778.8839999999999,223.25599999999997,173890.16600000003,34452.01566800004
263,20210804,Emb1,GW4869;25uM,FOV4,0002-1625-0550,636.738,218.65099999999998,139223.301,25232.554025999998
264,20210804,Emb1,GW4869;25uM,FOV4,0002-1628-0369,462.99699999999996,260.29200000000003,120514.4,37627.288069
265,20210804,Emb1,GW4869;25uM,FOV4,0002-1875-0321,509.626,192.4,98051.918,6817.142602000007
266,20210804,Emb1,GW4869;25uM,FOV4,0002-2091-0814,448.24699999999996,224.812,100771.274,20524.751319000017
267,20210804,Emb1,GW4869;25uM,FOV4,0002-0653-2173,394.084,248.19099999999997,97807.996,27257.896068000002
268,20210804,Emb1,GW4869;25uM,FOV4,0002-0894-2431,448.546,213.68,95845.024,15544.973442000002
269,20210804,Emb1,GW4869;25uM,FOV4,0002-0925-2240,369.745,252.52200000000002,93368.763,27175.903865
270,20210804,Emb1,GW4869;25uM,FOV4,0002-0959-2907,330.06699999999995,218.798,72217.915,13128.330459000004
271,20210804,Emb1,GW4869;25uM,FOV4,0002-0949-2605,447.42,198.452,88791.405,8692.934339999993
272,20210804,Emb1,GW4869;25uM,FOV4,0002-0956-2796,290.531,215.118,62498.412000000004,10486.680787000005
273,20210804,Emb1,GW4869;25uM,FOV4,0002-0751-2900,438.787,351.985,154446.603,75893.63789900001
274,20210804,Emb1,GW4869;25uM,FOV4,0002-1262-2486,487.18,207.555,101116.728,13900.30286000001
275,20210804,Emb1,GW4869;25uM,FOV4,0002-1523-2489,544.184,240.498,130875.049,33453.596768
276,20210804,Emb1,GW4869;25uM,FOV4,0002-1640-3068,540.109,208.947,112853.88900000001,16161.955493000001
277,20210804,Emb1,GW4869;25uM,FOV4,0002-1959-2993,498.349,225.97799999999998,112615.955,23400.02197300001
278,20210804,Emb1,GW4869;25uM,FOV4,0002-1858-3217,363.615,212.80700000000002,77379.923,12284.474854999993
279,20210804,Emb1,GW4869;25uM,FOV4,0002-1841-2733,399.577,212.84599999999998,85048.30699999999,13514.83372899999
280,20210804,Emb1,GW4869;25uM,FOV4,0002-1563-2689,388.57,221.554,86089.20599999999,16526.238889999993
281,20210804,Emb1,GW4869;25uM,FOV4,0002-2501-1898,537.159,202.75,108909.2,12745.384342999998
282,20210804,Emb1,GW4869;25uM,FOV4,0002-2474-1566,546.714,208.903,114209.915,16335.534577999992
283,20210804,Emb1,GW4869;25uM,FOV4,0002-2596-1308,471.67,208.96599999999998,98562.88699999999,14123.108589999989
284,20210804,Emb1,GW4869;25uM,FOV4,0002-2026-1566,554.899,205.36700000000002,113957.692,14618.008323000002
285,20210804,Emb1,GW4869;25uM,FOV4,0002-1970-1987,497.833,214.169,106620.609,17497.051840999993
286,20210804,Emb4,GW4869;25uM,FOV1,0002-2554-1144,379.23900000000003,241.046,91414.097,17650.973782999994
287,20210804,Emb4,GW4869;25uM,FOV1,0002-2775-1173,278.087,247.63099999999997,68863.09,14774.334239000003
288,20210804,Emb4,GW4869;25uM,FOV1,0002-2649-1528,539.39,230.937,124565.043,19652.069830000022
289,20210804,Emb4,GW4869;25uM,FOV1,0002-2198-0463,441.31,225.915,99698.414,13862.295070000007
290,20210804,Emb4,GW4869;25uM,FOV1,0002-2411-0647,390.815,274.845,107413.632,31398.942055000007
291,20210804,Emb4,GW4869;25uM,FOV1,0002-2609-0767,320.769,253.377,81275.725,18885.19219300001
292,20210804,Emb4,GW4869;25uM,FOV1,0002-2709-0578,410.42699999999996,256.703,105357.665,25528.382219000006
293,20210804,Emb4,GW4869;25uM,FOV1,0002-0979-1232,378.405,253.84599999999998,96056.74699999999,22455.839284999995
294,20210804,Emb4,GW4869;25uM,FOV1,0002-1050-1087,359.93199999999996,270.889,97501.82,27493.966204000026
295,20210804,Emb4,GW4869;25uM,FOV1,0002-0456-1637,481.99800000000005,201.513,97128.94900000001,3378.892006000009
296,20210804,Emb4,GW4869;25uM,FOV1,0002-1039-1712,489.973,217.56099999999998,106599.315,11298.096581000005
297,20210804,Emb4,GW4869;25uM,FOV1,0002-1224-1930,468.99800000000005,226.111,106045.894,14824.376005999991
298,20210804,Emb4,GW4869;25uM,FOV1,0002-1654-3246,294.89099999999996,209.067,61652.203,4295.018827000014
299,20210804,Emb4,GW4869;25uM,FOV1,0002-1594-2928,451.95,238.03099999999998,107578.06800000001,19672.437150000027
300,20210804,Emb4,GW4869;25uM,FOV1,0002-0875-0751,447.189,263.11,117659.789,30680.186933000005
301,20210804,Emb4,GW4869;25uM,FOV1,0002-1977-1086,522.6669999999999,262.5,137200.157,35539.857499000034
302,20210804,Emb4,GW4869;25uM,FOV1,0002-1439-2013,384.366,246.301,94669.832,19909.49190200001
303,20210804,Emb4,GW4869;25uM,FOV1,0002-1637-1833,377.225,259.356,97835.671,24464.276825000008
304,20210804,Emb1,GW4869;25uM,FOV1,0004-1152-1244,875.716,263.488,230740.99899999998,72628.72376799997
305,20210804,Emb1,GW4869;25uM,FOV1,0004-1270-0712,759.523,236.954,179971.88100000002,42838.48430400001
306,20210804,Emb1,GW4869;25uM,FOV1,0004-1606-0638,766.982,239.793,183917.147,45437.012935999985
307,20210804,Emb1,GW4869;25uM,FOV1,0004-1698-1164,655.6310000000001,214.331,140522.268,22146.77968799998
308,20210804,Emb1,GW4869;25uM,FOV1,0004-0688-1216,406.779,301.008,122443.48599999999,48998.723991999985
309,20210804,Emb1,GW4869;25uM,FOV1,0004-0390-0522,731.99,245.49200000000002,179697.96399999998,47535.70551999996
310,20210804,Emb1,GW4869;25uM,FOV1,0004-0600-0438,804.9580000000001,256.39099999999996,206384.098,61047.32118399997
311,20210804,Emb1,GW4869;25uM,FOV1,0004-0898-0786,510.35900000000004,217.33,110916.265,18769.926831999983
312,20210804,Emb1,GW4869;25uM,FOV1,0004-0800-0978,682.852,215.60299999999998,147225.042,23934.747695999977
313,20210804,Emb1,GW4869;25uM,FOV1,0004-0602-1880,549.528,218.291,119957.046,20738.666543999992
314,20210804,Emb1,GW4869;25uM,FOV1,0004-0814-3152,487.546,238.854,116452.37800000001,28424.972607999996
315,20210804,Emb1,GW4869;25uM,FOV1,0004-1152-3090,377.944,217.416,82171.107,13932.56191199999
316,20210804,Emb1,GW4869;25uM,FOV1,0002-0980-3432,606.899,239.4,145291.914,35715.08575199997
317,20210804,Emb1,GW4869;25uM,FOV1,0002-1616-3168,792.684,217.328,172272.07100000003,29151.389432000025
318,20210804,Emb1,GW4869;25uM,FOV1,0002-1160-2862,429.781,295.67400000000004,127075.021,49477.20188799998
319,20210804,Emb1,GW4869;25uM,FOV1,0002-1104-2236,554.9259999999999,238.049,132099.52800000002,31906.528848000016
320,20210804,Emb1,GW4869;25uM,FOV1,0002-1016-2086,292.728,237.793,69608.704,16756.078143999992
321,20210804,Emb1,GW4869;25uM,FOV1,0002-0842-2212,300.866,281.905,84815.507,30493.548967999996
322,20210804,Emb1,GW4869;25uM,FOV1,0002-0674-2342,324.492,282.585,91696.735,33109.05541599999
323,20210804,Emb1,GW4869;25uM,FOV1,0002-0800-1484,334.25800000000004,252.386,84362.065,24011.114583999988
324,20210804,Emb1,GW4869;25uM,FOV1,0002-1080-1706,513.736,256.631,131840.605,39084.542728
325,20210804,Emb1,GW4869;25uM,FOV1,0002-1368-1940,473.155,243.875,115390.905,29961.823439999993
326,20210804,Emb1,GW4869;25uM,FOV1,0002-1434-2404,617.004,213.53,131748.717,20347.41079199998
327,20210804,Emb1,GW4869;25uM,FOV1,0002-1194-2438,283.438,236.845,67130.843,15955.545223999987
328,20210804,Emb1,GW4869;25uM,FOV1,0002-0968-2644,320.491,259.385,83130.784,25265.492968
329,20210804,Emb1,GW4869;25uM,FOV1,0002-2072-2978,373.129,225.595,84176.009,16806.821791999988
330,20210804,Emb1,GW4869;25uM,FOV1,0002-2074-2758,342.17900000000003,258.394,88416.811,26635.70819199999
331,20210804,Emb1,GW4869;25uM,FOV1,0002-2144-2540,304.16200000000003,214.894,65362.559,10445.501575999988
332,20210804,Emb1,GW4869;25uM,FOV1,0002-1986-2068,493.17400000000004,230.607,113729.368,24685.81595199999
333,20210804,Emb1,GW4869;25uM,FOV1,0002-1844-2408,418.809,250.243,104804.088,29187.28543199999
334,20210804,Emb1,GW4869;25uM,FOV1,0002-1634-2398,362.374,243.701,88310.898,22883.54755199999
335,20210804,Emb1,GW4869;25uM,FOV1,0002-2050-0482,709.7739999999999,210.18200000000002,149182.054,21030.938752000016
336,20210804,Emb1,GW4869;25uM,FOV1,0002-2728-1084,687.5989999999999,270.47,185974.897,61827.522352
337,20210804,Emb1,GW4869;25uM,FOV1,0002-2804-0936,472.735,234.86900000000003,111030.838,25677.588279999996
338,20210804,Emb1,GW4869;25uM,FOV1,0002-2908-1246,464.231,227.403,105567.564,21749.728487999993
339,20210804,Emb1,GW4869;25uM,FOV1,0002-2556-1580,455.76800000000003,203.799,92885.00099999999,10595.177063999974
340,20210804,Emb1,GW4869;25uM,FOV1,0002-2400-2196,483.74800000000005,233.229,112823.92199999999,25482.253103999974
341,20210804,Emb1,GW4869;25uM,FOV1,0002-2736-2366,461.23400000000004,211.352,97482.52,14205.798831999986
342,20210804,Emb1,GW4869;25uM,FOV5,0002-1638-2236,519.6080000000001,281.11,146066.892,43654.753239999976
343,20210804,Emb1,GW4869;25uM,FOV5,0002-1759-2480,737.2460000000001,255.771,188566.28600000002,43258.78563
344,20210804,Emb1,GW4869;25uM,FOV5,0002-1768-1983,368.87699999999995,255.291,94171.103,21467.290685000014
345,20210804,Emb1,GW4869;25uM,FOV5,0002-0860-2595,802.503,236.701,189953.012,31783.68321499997
346,20210804,Emb1,GW4869;25uM,FOV5,0002-0979-2399,798.7130000000001,242.93200000000002,194032.815,36610.476264999976
347,20210804,Emb1,GW4869;25uM,FOV5,0002-2253-1430,530.405,253.533,134475.098,29934.92452500001
348,20210804,Emb1,GW4869;25uM,FOV5,0002-2166-1176,410.163,284.209,116571.935,35730.858515
349,20210804,Emb1,GW4869;25uM,FOV5,0002-2373-1082,429.042,275.275,118104.713,33542.68001000001
350,20210804,Emb1,GW4869;25uM,FOV5,0002-2300-0874,320.485,250.78400000000002,80372.55,17206.558924999998
351,20210804,Emb1,GW4869;25uM,FOV5,0002-2940-1003,541.73,227.9,123460.27699999999,16688.00264999998
352,20210804,Emb1,GW4869;25uM,FOV5,0002-3451-1933,366.73400000000004,233.38,85588.23300000001,13306.795270000002
353,20210804,Emb1,GW4869;25uM,FOV5,0002-3452-2224,391.9,239.081,93696.009,16454.478500000012
354,20210804,Emb1,GW4869;25uM,FOV5,0002-3452-1772,349.17,238.88,83409.848,14590.186849999998
355,20210804,Emb1,GW4869;25uM,FOV5,0002-3320-2330,358.827,241.982,86829.775,16106.767435000002
356,20210804,Emb1,GW4869;25uM,FOV5,0002-2712-2477,375.14300000000003,272.855,102359.55099999999,28420.741414999982
357,20210804,Emb2,DMSO;1percent,FOV2,0004-1423-3264,418.199,598.879,250450.544,154935.983395
358,20210804,Emb2,DMSO;1percent,FOV2,0004-1587-2546,542.706,413.838,224592.20899999997,100640.87212999996
359,20210804,Emb2,DMSO;1percent,FOV2,0004-1122-2723,395.108,463.67199999999997,183200.456,92959.76434
360,20210804,Emb2,DMSO;1percent,FOV2,0004-1689-1285,376.472,524.5880000000001,197493.03699999998,111508.71455999998
361,20210804,Emb2,DMSO;1percent,FOV2,0004-3246-2312,463.994,363.485,168654.61399999997,62680.70436999996
362,20210804,Emb2,DMSO;1percent,FOV2,0004-3012-2240,387.214,475.675,184188.276,95750.53447000001
363,20210804,Emb2,DMSO;1percent,FOV2,0004-2834-2429,385.227,463.63599999999997,178605.052,90621.131335
364,20210804,Emb2,DMSO;1percent,FOV2,0004-2753-2079,532.92,490.369,261327.83,139611.5666
365,20210804,Emb2,DMSO;1percent,FOV2,0004-2808-1815,602.295,609.206,366921.63200000004,229360.46547500003
366,20210804,Emb2,DMSO;1percent,FOV2,0004-3377-1901,546.592,362.727,198263.80399999997,73424.92415999997
367,20210804,Emb2,DMSO;1percent,FOV2,0004-2838-1582,319.813,664.084,212382.97699999998,139339.28686499997
368,20210804,Emb2,DMSO;1percent,FOV2,0004-3043-1712,240.53799999999998,680.435,163670.667,108732.99049
369,20210804,Emb2,DMSO;1percent,FOV2,0004-3405-1230,471.684,576.215,271791.238,164060.97082
370,20210804,Emb2,DMSO;1percent,FOV2,0004-3306-0406,407.436,532.952,217143.95,124087.60478000001
371,20210804,Emb2,DMSO;1percent,FOV2,0004-3166-0234,270.22700000000003,571.502,154435.346,92716.85033499998
372,20210804,Emb2,DMSO;1percent,FOV2,0004-3526-0619,343.05300000000005,623.679,213955.10100000002,135603.51106500003
373,20210804,Emb2,DMSO;1percent,FOV2,0004-1021-1745,497.765,696.212,346550.143,232863.10582499998
374,20210804,Emb2,DMSO;1percent,FOV2,0004-1653-0979,404.62199999999996,486.42800000000005,196819.34100000001,104405.69931000003
375,20210804,Emb2,DMSO;1percent,FOV2,0004-1419-0941,435.186,544.5830000000001,236994.97600000002,137600.66953
376,20210804,Emb2,DMSO;1percent,FOV2,0004-1941-1334,389.24199999999996,603.679,234977.128,146076.20141
377,20210804,Emb2,DMSO;1percent,FOV2,0004-1941-1334,389.24199999999996,603.679,234977.128,146076.20141
378,20210804,Emb2,DMSO;1percent,FOV2,0004-1941-1334,389.24199999999996,603.679,234977.128,146076.20141
379,20210804,Emb2,DMSO;1percent,FOV2,0004-1941-1334,389.24199999999996,603.679,234977.128,146076.20141
380,20210804,Emb2,DMSO;1percent,FOV2,0004-1941-1334,389.24199999999996,603.679,234977.128,146076.20141
381,20210804,Emb2,DMSO;1percent,FOV2,0004-1941-1334,389.24199999999996,603.679,234977.128,146076.20141
382,20210804,Emb2,DMSO;1percent,FOV2,0004-1941-1334,389.24199999999996,603.679,234977.128,146076.20141
383,20210804,Emb2,DMSO;1percent,FOV2,0004-1941-1334,389.24199999999996,603.679,234977.128,146076.20141
384,20210804,Emb2,DMSO;1percent,FOV2,0004-1941-1334,389.24199999999996,603.679,234977.128,146076.20141
385,20210804,Emb2,DMSO;1percent,FOV2,0004-1941-1334,389.24199999999996,603.679,234977.128,146076.20141
386,20210804,Emb2,DMSO;1percent,FOV2,0004-1941-1334,389.24199999999996,603.679,234977.128,146076.20141
387,20210804,Emb2,DMSO;1percent,FOV2,0004-1920-1136,311.126,613.021,190727.074,119667.45122999999
388,20210804,Emb2,DMSO;1percent,FOV2,0004-1981-0745,338.374,452.8,153215.736,75932.80627
389,20210804,Emb2,DMSO;1percent,FOV2,0004-1964-0912,224.24900000000002,572.562,128396.421,77179.070645
390,20210804,Emb2,DMSO;1percent,FOV2,0004-2772-3067,527.231,679.1239999999999,358054.999,237638.074755
391,20210804,Emb2,DMSO;1percent,FOV2,0004-2729-2727,514.461,661.148,340135.16,222634.83990499997
392,20210804,Emb1,GW4869;25uM,FOV2,0002-0992-2836,705.9630000000001,235.485,166243.841,36023.31794599997
393,20210804,Emb1,GW4869;25uM,FOV2,0002-0424-2912,744.332,251.33900000000003,187079.968,49781.975944000005
394,20210804,Emb1,GW4869;25uM,FOV2,0002-0510-3286,839.53,236.07299999999998,198190.117,43332.092260000005
395,20210804,Emb1,GW4869;25uM,FOV2,0002-1618-2764,490.272,310.723,152338.657,61904.06442400001
396,20210804,Emb1,GW4869;25uM,FOV2,0002-1494-3206,486.44699999999995,350.45099999999996,170475.922,80746.881274
397,20210804,Emb1,GW4869;25uM,FOV2,0002-1238-2474,691.071,214.18,148013.779,20540.204482
398,20210804,Emb1,GW4869;25uM,FOV2,0002-1400-2918,364.991,213.331,77864.064,10538.554122000001
399,20210804,Emb1,GW4869;25uM,FOV2,0002-0996-2438,520.883,235.35299999999998,122591.681,26510.644585999995
400,20210804,Emb1,GW4869;25uM,FOV2,0002-0682-2366,349.67900000000003,241.674,84508.314,20007.22501799999
401,20210804,Emb1,GW4869;25uM,FOV2,0002-0886-2176,525.4,273.66200000000003,143781.807,46867.57380000001
402,20210804,Emb1,GW4869;25uM,FOV2,0002-0572-2154,555.482,255.451,141898.421,39435.32224400001
403,20210804,Emb1,GW4869;25uM,FOV2,0002-0280-2110,846.2710000000001,211.88299999999998,179310.201,23208.744882
404,20210804,Emb1,GW4869;25uM,FOV2,0002-0860-1604,504.96,234.671,118499.665,25355.753320000003
405,20210804,Emb1,GW4869;25uM,FOV2,0002-0932-1826,584.168,246.435,143959.447,36204.98605599998
406,20210804,Emb1,GW4869;25uM,FOV2,0002-1226-1648,394.74800000000005,245.981,97100.589,24286.162415999992
407,20210804,Emb1,GW4869;25uM,FOV2,0002-0968-1280,437.07800000000003,239.285,104586.04400000001,23963.510276
408,20210804,Emb1,GW4869;25uM,FOV2,0002-0680-1320,454.439,226.89,103107.627,19282.717937999987
409,20210804,Emb1,GW4869;25uM,FOV2,0002-0436-1416,463.702,239.063,110854.039,25320.495484
410,20210804,Emb1,GW4869;25uM,FOV2,0002-0478-0982,778.551,247.74099999999999,192879.046,49269.08564199999
411,20210804,Emb1,GW4869;25uM,FOV2,0002-1082-0952,466.876,228.812,106826.677,20707.663792000007
412,20210804,Emb1,GW4869;25uM,FOV2,0002-1352-1136,770.17,255.46,196747.46399999998,54683.446139999985
413,20210804,Emb1,GW4869;25uM,FOV2,0002-1424-0710,765.2189999999999,207.445,158740.768,17590.001698000036
414,20210804,Emb1,GW4869;25uM,FOV2,0002-2502-2512,617.98,228.345,141112.878,27121.523159999997
415,20210804,Emb1,GW4869;25uM,FOV2,0002-2822-2796,525.169,211.545,111097.106,14225.482598000002
416,20210804,Emb1,GW4869;25uM,FOV2,0002-3102-2994,360.50199999999995,215.419,77659.027,11161.549084000013
417,20210804,Emb1,GW4869;25uM,FOV2,0002-2440-3326,519.717,234.887,122074.575,26208.616614
418,20210804,Emb1,GW4869;25uM,FOV2,0002-2200-3068,849.431,213.873,181670.458,24986.114602000016
419,20210804,Emb1,GW4869;25uM,FOV2,0002-3204-1898,466.754,221.37599999999998,103327.881,17231.371667999992
420,20210804,Emb1,GW4869;25uM,FOV2,0002-3108-1216,582.784,216.938,126428.288,18929.116928000003
421,20210804,Emb1,GW4869;25uM,FOV2,0002-3292-1292,696.794,266.19,185479.329,56950.101348
422,20210804,Emb1,GW4869;25uM,FOV2,0002-2806-0822,383.111,224.77,86111.95800000001,15444.069162000014
423,20210804,Emb1,GW4869;25uM,FOV2,0002-2734-1102,675.9889999999999,212.861,143891.89,19200.31103800003
424,20210804,Emb4,GW4869;25uM,FOV3,0002-1599-3174,660.174,217.076,143307.75,23036.590506000022
425,20210804,Emb4,GW4869;25uM,FOV3,0002-1272-3308,926.197,249.863,231422.277,62686.78134300001
426,20210804,Emb4,GW4869;25uM,FOV3,0002-1485-2555,463.689,236.101,109477.472,25002.146290999997
427,20210804,Emb4,GW4869;25uM,FOV3,0002-1767-2204,385.2,255.44400000000002,98396.959,28220.83780000001
428,20210804,Emb4,GW4869;25uM,FOV3,0002-1782-2006,331.776,233.46099999999998,77456.675,17013.391544000006
429,20210804,Emb4,GW4869;25uM,FOV3,0002-1122-2578,558.229,234.798,131070.80900000001,29372.091551000005
430,20210804,Emb4,GW4869;25uM,FOV3,0002-1197-2362,546.8969999999999,232.533,127171.766,27537.523643000022
431,20210804,Emb4,GW4869;25uM,FOV3,0002-0978-3257,590.922,219.915,129952.561,22297.800118000014
432,20210804,Emb4,GW4869;25uM,FOV3,0002-0941-2824,429.246,275.954,118451.84199999999,40251.376474000004
433,20210804,Emb4,GW4869;25uM,FOV3,0002-3408-1501,537.4780000000001,245.167,131771.821,33853.541482
434,20210804,Emb4,GW4869;25uM,FOV3,0002-3458-1717,573.874,228.40900000000002,131077.706,26528.766806000014
435,20210804,Emb4,GW4869;25uM,FOV3,0002-3330-2233,570.456,238.49900000000002,136053.128,32126.883464
436,20210804,Emb4,GW4869;25uM,FOV3,0002-2472-2161,674.456,214.93,144961.00699999998,22087.93846399999
437,20210804,Emb4,GW4869;25uM,FOV3,0002-2481-2413,798.3330000000001,222.179,177372.58399999997,31931.47972699997
438,20210804,Emb4,GW4869;25uM,FOV3,0002-2506-1378,503.835,233.45,117620.049,25830.884865000015
439,20210804,Emb4,GW4869;25uM,FOV3,0002-2825-1502,391.181,208.72400000000002,81648.881,10383.13523900001
440,20210804,Emb4,GW4869;25uM,FOV3,0002-2880-0912,579.2040000000001,213.597,123716.094,18196.130076
441,20210804,Emb4,GW4869;25uM,FOV3,0002-3146-1389,618.102,246.805,152551.011,39944.570538000014
442,20210804,Emb2,DMSO;1percent,FOV1,0002-1537-1047,536.867,602.309,323360.038,186249.57487
443,20210804,Emb2,DMSO;1percent,FOV1,0002-2490-2810,916.534,507.31199999999995,464968.13200000004,230894.51374000005
444,20210804,Emb2,DMSO;1percent,FOV1,0002-2744-2136,532.168,296.103,157576.325,21665.93948000003
445,20210804,Emb2,DMSO;1percent,FOV1,0002-2900-2277,431.585,377.533,162937.768,52715.274850000016
446,20210804,Emb2,DMSO;1percent,FOV1,0002-2783-2489,700.558,460.855,322855.559,143940.05138000002
447,20210804,Emb4,DMSO;1percent,FOV3,0002-2315-2636,771.58,558.12,430634.196,246575.33015999998
448,20210804,Emb4,DMSO;1percent,FOV3,0002-2112-2759,571.9209999999999,568.9830000000001,325413.163,188982.552292
449,20210804,Emb4,DMSO;1percent,FOV3,0002-2343-2966,767.2669999999999,396.926,304548.168,121518.15968400001
450,20210804,Emb4,DMSO;1percent,FOV3,0002-1799-2534,377.022,453.853,171112.266,81174.421944
451,20210804,Emb4,DMSO;1percent,FOV3,0002-1876-2391,433.19199999999995,381.731,165363.053,62025.96778400002
452,20210804,Emb4,DMSO;1percent,FOV3,0002-1669-2705,317.25,591.229,187567.31100000002,111887.95800000001
453,20210804,Emb4,DMSO;1percent,FOV3,0002-1607-2867,319.122,474.191,151324.50400000002,75198.58914400001
454,20210804,Emb4,DMSO;1percent,FOV3,0002-2515-2280,434.494,436.36400000000003,189597.84699999998,85950.17228799997
455,20210804,Emb4,DMSO;1percent,FOV3,0002-2489-2090,472.66,475.205,224610.47100000002,111858.37332000001
456,20210804,Emb4,DMSO;1percent,FOV3,0002-2424-1866,406.31699999999995,497.015,201945.712,105019.60428400002
457,20210804,Emb4,DMSO;1percent,FOV3,0002-2331-1706,269.278,418.309,112641.284,48405.555656
458,20210804,Emb4,DMSO;1percent,FOV3,0002-2075-1715,280.793,436.216,122486.216,55503.60743599999
459,20210804,Emb4,DMSO;1percent,FOV3,0002-2292-1536,436.976,502.42800000000005,219549.06,115309.309152
460,20210804,Emb4,DMSO;1percent,FOV3,0002-2355-0754,479.964,447.639,214850.822,100356.36972799999
461,20210804,Emb4,DMSO;1percent,FOV3,0002-2319-0544,325.04200000000003,600.991,195347.237,117809.11798399998
462,20210804,Emb4,DMSO;1percent,FOV3,0002-2607-0324,442.51,566.993,250900.12699999998,145340.25152
463,20210804,Emb4,DMSO;1percent,FOV3,0002-2822-0622,559.673,532.004,297748.229,164239.354196
464,20210804,Emb4,DMSO;1percent,FOV3,0002-2111-0577,450.18,463.07199999999995,208465.549,101076.01036
465,20210804,Emb4,DMSO;1percent,FOV3,0002-1411-1797,368.416,583.619,215014.574,127129.674032
466,20210804,Emb4,DMSO;1percent,FOV3,0002-1660-1701,448.858,364.63300000000004,163668.165,56593.986816000004
467,20210804,Emb4,DMSO;1percent,FOV3,0002-1448-1593,303.92400000000004,476.727,144889.06900000002,72388.60664800002
468,20210804,Emb4,DMSO;1percent,FOV3,0002-1663-1438,585.3480000000001,452.00199999999995,264578.668,124945.07329599999
469,20210804,Emb4,DMSO;1percent,FOV3,0002-1835-1996,325.428,519.779,169150.887,91520.68845599999
470,20210804,Emb4,DMSO;1percent,FOV3,0002-1616-1929,383.939,531.0980000000001,203909.207,112321.32642799999
471,20210804,Emb4,DMSO;1percent,FOV3,0002-1346-1293,722.306,400.337,289165.99,116861.33831199998
472,20210804,Emb4,DMSO;1percent,FOV3,0002-0391-0968,435.152,479.69,208738.28600000002,104933.64670400003
473,20210804,Emb4,DMSO;1percent,FOV3,0002-0838-1075,422.11800000000005,519.871,219447.01899999997,118751.61433599996
474,20210804,Emb4,DMSO;1percent,FOV3,0002-0608-1114,325.889,548.793,178845.92899999997,101105.75982799997
475,20210804,Emb2,GW4869;25uM,FOV1,0002-1357-0783,624.002,206.71400000000003,128990.036,14489.41301199999
476,20210804,Emb2,GW4869;25uM,FOV1,0004-0740-1267,520.612,234.476,122071.056,26541.877671999988
477,20210804,Emb2,GW4869;25uM,FOV1,0004-0981-2448,772.821,245.155,189461.018,47653.00142599997
478,20210804,Emb2,GW4869;25uM,FOV1,0004-1102-2085,563.254,249.162,140341.549,36987.81952399998
479,20210804,Emb2,GW4869;25uM,FOV1,0004-1432-2491,513.302,208.84900000000002,107202.30099999999,13014.463811999973
480,20210804,Emb2,GW4869;25uM,FOV1,0004-2511-1091,437.282,221.998,97075.633,16837.009691999992
481,20210804,Emb2,GW4869;25uM,FOV1,0004-2577-0740,576.559,225.489,130007.98599999999,24212.868853999986
482,20210804,Emb2,GW4869;25uM,FOV1,0004-2436-0998,546.375,231.826,126663.72,26407.18574999999
483,20210804,Emb2,GW4869;25uM,FOV1,0004-2403-1414,641.641,230.613,147970.445,30233.171346000003
484,20210804,Emb2,GW4869;25uM,FOV1,0004-2145-0911,360.25800000000004,234.769,84577.275,18472.093547999975
485,20210804,Emb2,GW4869;25uM,FOV1,0004-1998-0923,525.19,209.196,109867.81199999999,13498.598139999973
486,20210804,Emb2,GW4869;25uM,FOV1,0004-1745-0814,483.585,238.423,115297.945,26562.99901
487,20210804,Emb2,GW4869;25uM,FOV1,0004-1564-1601,1048.101,236.019,247371.56100000002,55051.316105999955
488,20210804,Emb2,GW4869;25uM,FOV1,0004-1168-3301,545.222,249.149,135841.52,35796.55433199997
489,20210804,Emb3,GW4869;25uM,FOV2,0002-2408-0780,443.839,224.107,99467.424,17564.481813000006
490,20210804,Emb3,GW4869;25uM,FOV2,0002-1792-0738,421.827,229.43400000000003,96781.257,18940.25520900001
491,20210804,Emb3,GW4869;25uM,FOV2,0002-1368-0254,405.341,220.396,89335.42599999999,14536.635246999998
492,20210804,Emb3,GW4869;25uM,FOV2,0002-1329-0424,476.83099999999996,221.768,105745.67199999999,17754.617077000003
493,20210804,Emb3,GW4869;25uM,FOV2,0002-1530-0789,479.218,226.864,108717.48800000001,20285.952806000016
494,20210804,Emb3,GW4869;25uM,FOV2,0002-1417-0830,515.1669999999999,237.613,122410.291,27344.978989000025
495,20210804,Emb3,GW4869;25uM,FOV2,0002-1125-1309,454.52,236.847,107651.674,23777.734840000005
496,20210804,Emb3,GW4869;25uM,FOV2,0002-0816-1563,406.67699999999996,226.937,92289.86099999999,17244.534159000003
497,20210804,Emb3,GW4869;25uM,FOV2,0002-0852-1782,287.378,238.204,68454.51400000001,15423.789526000015
498,20210804,Emb3,GW4869;25uM,FOV2,0002-0578-1766,254.50799999999998,232.22400000000002,59102.763,12137.638236000006
499,20210804,Emb3,GW4869;25uM,FOV2,0002-0525-1481,251.463,205.29,51622.96400000001,5219.742221000015
500,20210804,Emb3,GW4869;25uM,FOV2,0002-0549-0159,463.051,247.535,114621.481,29173.290817
501,20210804,Emb3,GW4869;25uM,FOV2,0003-0482-0442,439.235,224.456,98588.765,17535.41274500001
502,20210804,Emb3,GW4869;25uM,FOV2,0003-0325-0616,395.501,229.146,90627.564,17644.577967000005
503,20210804,Emb3,GW4869;25uM,FOV2,0003-0263-0812,261.493,248.322,64934.53400000001,16680.44623100001
504,20210804,Emb3,GW4869;25uM,FOV2,0003-1528-1723,379.504,223.024,84638.416,14607.404368000003
505,20210804,Emb3,GW4869;25uM,FOV2,0003-1365-1735,252.18900000000002,225.062,56758.035,10220.842263000006
506,20210804,Emb3,GW4869;25uM,FOV2,0003-1410-2482,476.661,230.388,109817.29,21857.605687000003
507,20210804,Emb3,GW4869;25uM,FOV2,0003-1282-2921,287.927,216.87099999999998,62443.042,9311.008909000004
508,20210804,Emb3,GW4869;25uM,FOV2,0003-1118-2492,481.334,246.238,118522.491,29700.483978000004
509,20210804,Emb3,GW4869;25uM,FOV2,0003-1655-2310,230.61700000000002,249.29,57490.5,14934.053138999996
510,20210804,Emb3,GW4869;25uM,FOV2,0003-1777-2410,233.59400000000002,219.114,51183.66099999999,8077.859397999993
511,20210804,Emb3,GW4869;25uM,FOV2,0003-1805-2229,264.233,241.407,63787.648,15027.939811000004
512,20210804,Emb3,GW4869;25uM,FOV2,0003-2942-2122,361.01099999999997,244.174,88149.53300000001,21531.09013700002
513,20210804,Emb3,GW4869;25uM,FOV2,0003-2708-2296,378.853,219.30900000000003,83085.762,13174.881351000004
514,20210804,Emb3,GW4869;25uM,FOV2,0003-3131-2194,338.327,243.11900000000003,82253.705,19821.208709000006
515,20210804,Emb3,GW4869;25uM,FOV2,0003-3389-2290,273.204,254.045,69406.196,18991.042267999997
516,20210804,Emb3,GW4869;25uM,FOV2,0003-3455-2065,326.527,218.386,71308.909,11053.90210900001
517,20210804,Emb3,GW4869;25uM,FOV2,0003-3225-1952,363.18699999999995,272.129,98833.77900000001,31813.792329000018
518,20210804,Emb3,GW4869;25uM,FOV2,0003-2840-1612,268.973,217.31900000000002,58452.876,8818.481391000001
519,20210804,Emb3,GW4869;25uM,FOV2,0003-3063-1197,515.058,205.47799999999998,105832.99699999999,10787.799085999999
520,20210804,Emb3,GW4869;25uM,FOV2,0003-2892-0884,332.949,244.463,81393.702,19953.624183000007
521,20210804,Emb3,GW4869;25uM,FOV2,0003-3434-1148,369.311,225.72099999999998,83361.286,15211.219236999998
522,20210804,Emb3,GW4869;25uM,FOV2,0003-2753-0288,414.82099999999997,231.025,95834.241,19286.077407000004
523,20210804,Emb3,GW4869;25uM,FOV2,0003-2967-0426,364.327,223.885,81567.225,14336.87070900001
524,20210804,Emb1,DMSO;1percent,FOV1,0002-2326-2186,545.731,327.191,178558.32100000003,70832.11306200003
525,20210804,Emb1,DMSO;1percent,FOV1,0002-2478-1894,573.507,462.139,265040.146,151831.01121400003
526,20210804,Emb1,DMSO;1percent,FOV1,0002-2650-2060,449.86800000000005,418.792,188401.063,99598.01953599999
527,20210804,Emb1,DMSO;1percent,FOV1,0002-2644-2442,628.641,463.151,291155.369,167062.89288200001
528,20210804,Emb1,DMSO;1percent,FOV1,0002-2174-1978,298.655,566.585,169213.41199999998,110259.51230999999
529,20210804,Emb1,DMSO;1percent,FOV1,0002-1972-2114,330.976,450.64,149150.737,83816.73655199999
530,20210804,Emb1,DMSO;1percent,FOV1,0002-2062-2478,443.69699999999995,614.113,272480.104,184895.20359400002
531,20210804,Emb1,DMSO;1percent,FOV1,0002-2510-2660,387.099,372.73,144283.485,67870.916598
532,20210804,Emb1,DMSO;1percent,FOV1,0002-2788-2918,505.449,439.439,222113.669,122339.04729799999
533,20210804,Emb1,DMSO;1percent,FOV1,0002-3198-3082,512.067,508.599,260437.046,159356.044334
534,20210804,Emb1,DMSO;1percent,FOV1,0002-2322-2850,332.305,494.20099999999996,164225.22699999998,98628.88460999998
535,20210804,Emb1,DMSO;1percent,FOV1,0002-2420-2752,426.92,497.074,212210.715,127937.56083999999
536,20210804,Emb1,DMSO;1percent,FOV1,0002-2372-2440,349.67900000000003,514.53,179920.08399999997,110894.14875799997
537,20210804,Emb1,DMSO;1percent,FOV1,0002-2234-2530,303.267,624.591,189417.616,129553.31673400002
538,20210804,Emb1,DMSO;1percent,FOV1,0002-0353-2376,938.255,487.524,457421.969,272212.30851
539,20210804,Emb1,DMSO;1percent,FOV1,0002-0830-3053,632.357,391.81,247763.88100000002,122937.87391400003
540,20210804,Emb1,DMSO;1percent,FOV1,0002-0335-3236,512.935,481.49300000000005,246975.022,145722.67887
541,20210804,Emb1,DMSO;1percent,FOV1,0002-1649-3385,419.351,561.222,235349.396,152570.347302
542,20210804,Emb1,DMSO;1percent,FOV1,0002-1260-2828,459.45,521.11,239423.90899999999,148729.39789999998
543,20210804,Emb1,DMSO;1percent,FOV1,0002-1382-3051,386.461,574.453,222003.918,145717.289522
544,20210804,Emb1,DMSO;1percent,FOV1,0001-1304-1958,357.227,324.953,116081.83300000001,45565.93765400002
545,20210804,Emb1,DMSO;1percent,FOV1,0001-1583-1893,284.129,495.69800000000004,140842.31900000002,84755.82265800002
546,20210804,Emb1,DMSO;1percent,FOV1,0001-1828-1910,300.303,542.445,162897.81900000002,103618.60740600002
547,20210804,Emb1,DMSO;1percent,FOV1,0001-1189-1606,560.697,332.524,186445.401,75764.93459400002
548,20210804,Emb1,DMSO;1percent,FOV1,0001-0875-1664,454.161,406.64099999999996,184680.426,95029.95292200001
549,20210804,Emb1,DMSO;1percent,FOV1,0001-1167-1345,394.24699999999996,413.06300000000005,162848.687,85025.11769400002
550,20210804,Emb1,DMSO;1percent,FOV1,0001-1012-1172,371.461,619.441,230098.03600000002,156772.37752200002
551,20210804,Emb1,DMSO;1percent,FOV1,0001-0620-0217,537.864,317.695,170876.807,64703.529127999995
552,20210804,Emb1,DMSO;1percent,FOV1,0001-0777-0506,509.10400000000004,367.50199999999995,187096.63100000002,86600.51960800002
553,20210804,Emb1,DMSO;1percent,FOV1,0001-1196-0952,477.462,326.488,155885.729,61635.685123999996
554,20210804,Emb1,DMSO;1percent,FOV1,0001-1299-0762,446.355,493.089,220092.905,131983.32071
555,20210804,Emb1,DMSO;1percent,FOV1,0001-1439-1017,352.69699999999995,515.923,181964.143,112342.46059400002
556,20210804,Emb1,DMSO;1percent,FOV1,0001-1462-0390,704.057,486.236,342337.979,203358.53531399998
557,20210804,Emb1,DMSO;1percent,FOV1,0001-2405-0576,378.08,405.416,153279.407,78647.17116000001
558,20210804,Emb1,DMSO;1percent,FOV1,0001-2569-0672,483.348,438.249,211826.81699999998,116414.88849599999
559,20210804,Emb1,DMSO;1percent,FOV1,0001-2546-1020,438.855,460.69599999999997,202178.628,115549.52871
560,20210804,Emb1,DMSO;1percent,FOV1,0001-2641-0960,318.918,391.61699999999996,124893.70599999999,61939.93063599999
561,20210804,Emb1,DMSO;1percent,FOV1,0001-2745-0371,391.62199999999996,367.855,144060.335,66754.935444
562,20210804,Emb1,DMSO;1percent,FOV1,0001-3131-0489,457.958,399.976,183172.13,92772.13671600001
563,20210804,Emb1,DMSO;1percent,FOV1,0001-3360-1322,473.25699999999995,539.948,255534.46300000002,162114.47771400004
564,20210804,Emb1,DMSO;1percent,FOV1,0001-3144-1444,577.1419999999999,368.99,212959.76,99033.08348400002
565,20210804,Emb1,DMSO;1percent,FOV1,0002-2074-1694,353.3,531.766,187872.85600000003,118132.14260000002
566,20210804,Emb1,DMSO;1percent,FOV1,0002-2298-1590,643.411,394.473,253808.169,126800.12442200001
567,20210804,Emb1,DMSO;1percent,FOV1,0002-3077-2235,407.504,653.95,266487.25399999996,186046.77940799994
568,20210804,Emb1,DMSO;1percent,FOV1,0002-3167-2005,336.814,499.504,168240.22,101753.81002799999
569,20210804,Emb1,DMSO;1percent,FOV1,0002-3183-2454,392.30699999999996,589.748,231362.098,153921.480814
570,20210804,Emb3,DMSO;1percent,FOV2,0004-2733-0727,594.5840000000001,391.67400000000004,232883.049,85997.01763999998
571,20210804,Emb3,DMSO;1percent,FOV2,0004-2538-0837,320.478,608.821,195113.704,115942.81887999999
572,20210804,Emb3,DMSO;1percent,FOV2,0004-2413-0917,276.683,507.494,140415.14800000002,72063.37968000001
573,20210804,Emb3,DMSO;1percent,FOV2,0004-1942-0475,429.496,606.809,260622.532,154519.84016000002
574,20210804,Emb3,DMSO;1percent,FOV2,0004-2096-1293,385.431,455.917,175724.35199999998,80507.47776
575,20210804,Emb3,DMSO;1percent,FOV2,0004-2286-1615,712.08,518.068,368905.77,192993.52680000002
576,20210804,Emb3,DMSO;1percent,FOV2,0004-2906-2346,590.461,543.789,321086.183,175218.69756000003
577,20210804,Emb3,DMSO;1percent,FOV2,0004-3080-2857,474.14599999999996,462.115,219109.547,101976.51916000001
578,20210804,Emb3,DMSO;1percent,FOV2,0004-0855-2188,553.651,802.753,444445.477,307671.53396000003
579,20210804,Emb3,DMSO;1percent,FOV2,0002-0675-2006,544.625,690.947,376306.88399999996,241762.72399999996
580,20210804,Emb3,DMSO;1percent,FOV2,0002-0490-1869,310.421,610.575,189535.397,112848.99316
581,20210804,Emb3,DMSO;1percent,FOV2,0002-1025-2418,442.00800000000004,563.956,249273.24300000002,140079.58668
582,20210804,Emb3,DMSO;1percent,FOV2,0002-0828-2532,390.164,483.27,188554.609,92168.49444000001
583,20210804,Emb3,DMSO;1percent,FOV2,0002-1516-3183,334.841,868.1010000000001,290675.894,207956.77336
584,20210804,Emb3,DMSO;1percent,FOV2,0002-1508-3376,384.23,624.942,240121.51,145201.3308
585,20210804,Emb3,DMSO;1percent,FOV2,0002-1858-2276,404.195,781.018,315683.461,215831.12820000004
586,20210804,Emb3,DMSO;1percent,FOV1,0002-2960-3347,473.31800000000004,338.176,160064.738,67684.42403200001
587,20210804,Emb3,DMSO;1percent,FOV1,0002-2396-3488,526.79,311.33099999999996,164006.044,61189.27896000001
588,20210804,Emb3,DMSO;1percent,FOV1,0002-2728-3249,541.696,301.195,163155.914,57429.85550399999
589,20210804,Emb3,DMSO;1percent,FOV1,0002-2174-3323,332.61,349.285,116175.526,51258.03664
590,20210804,Emb3,DMSO;1percent,FOV1,0002-1706-2722,652.308,294.644,192198.65600000002,64883.789792000025
591,20210804,Emb3,DMSO;1percent,FOV1,0002-1596-2545,702.2739999999999,456.35400000000004,320485.523,183418.49277600003
592,20210804,Emb3,DMSO;1percent,FOV1,0002-2902-2468,321.075,402.466,129221.554,66555.4198
593,20210804,Emb3,DMSO;1percent,FOV1,0002-2809-2803,406.60900000000004,394.001,160204.551,80844.232816
594,20210804,Emb3,DMSO;1percent,FOV1,0002-2716-2539,337.004,368.17400000000004,124076.114,58301.021296000006
595,20210804,Emb3,DMSO;1percent,FOV1,0002-2639-2350,337.49300000000005,442.12,149212.156,83341.62223199998
596,20210804,Emb3,DMSO;1percent,FOV1,0002-2213-1780,383.464,314.829,120725.609,45882.63933600001
597,20210804,Emb3,DMSO;1percent,FOV1,0002-2322-1723,530.927,646.655,343326.28799999994,239702.07984799996
598,20210804,Emb3,DMSO;1percent,FOV1,0002-2040-1255,316.341,331.015,104713.73199999999,42971.56098399999
599,20210804,Emb3,DMSO;1percent,FOV1,0002-2081-1524,531.957,274.312,145922.372,42097.132568000015
600,20210804,Emb3,DMSO;1percent,FOV1,0002-1675-1786,513.295,509.54400000000004,261546.40300000002,161363.53808000003
601,20210804,Emb3,DMSO;1percent,FOV1,0002-1931-1858,442.49699999999996,509.339,225380.84399999998,139016.049528
602,20210804,Emb3,DMSO;1percent,FOV1,0002-1440-1563,394.077,303.788,119715.742,42801.369448
603,20210804,Emb3,DMSO;1percent,FOV1,0002-1584-1324,406.473,316.026,128456.09800000001,49122.32375200001
604,20210804,Emb3,DMSO;1percent,FOV1,0002-1225-1389,421.664,556.531,234669.09399999998,152370.401136
605,20210804,Emb3,DMSO;1percent,FOV1,0002-0645-0718,286.584,560.245,160557.384,104623.06521599999
606,20210804,Emb3,DMSO;1percent,FOV1,0002-0906-0812,399.67800000000005,428.87800000000004,171413.444,93405.89067199998
607,20210804,Emb2,GW4869;25uM,FOV2,0002-1713-2840,1485.118,256.81,381393.787,109801.34763200005
608,20210804,Emb2,GW4869;25uM,FOV2,0002-2097-3326,1518.625,243.054,369108.508,91388.4425
609,20210804,Emb2,GW4869;25uM,FOV2,0002-2258-2724,906.89,248.169,225062.265,59213.84936000005
610,20210804,Emb2,GW4869;25uM,FOV2,0002-1986-2483,441.249,236.40900000000002,104315.07800000001,23621.22587600001
611,20210804,Emb2,GW4869;25uM,FOV2,0002-1698-2402,815.2389999999999,250.959,204591.604,55503.95663600002
612,20210804,Emb2,GW4869;25uM,FOV2,0002-1800-2014,1163.29,242.861,282517.915,69780.09296000001
613,20210804,Emb2,GW4869;25uM,FOV2,0002-0831-2011,1367.487,226.018,309076.469,58995.91638800001
614,20210804,Emb2,GW4869;25uM,FOV2,0002-1224-2360,583.761,265.578,155034.169,48278.29236400001
615,20210804,Emb2,GW4869;25uM,FOV2,0002-1429-1445,949.41,237.833,225800.704,52176.40084000002
616,20210804,Emb2,GW4869;25uM,FOV2,0002-2735-2169,904.8760000000001,233.144,210966.264,45486.16062400001
617,20210804,Emb2,GW4869;25uM,FOV2,0002-2430-2352,632.506,213.22,134863.146,19192.978744000022
618,20210804,Emb2,GW4869;25uM,FOV2,0002-2585-2043,537.742,241.416,129819.787,31479.681008000014
619,20210804,Emb2,GW4869;25uM,FOV2,0002-2733-2570,816.3380000000001,223.365,182341.46300000002,33052.83491200002
620,20210804,Emb2,GW4869;25uM,FOV2,0002-2991-2835,751.378,226.08,169871.518,32462.51487200003
621,20210804,Emb2,GW4869;25uM,FOV2,0002-0486-0769,1120.018,211.645,237045.93899999998,32221.527231999993
622,20210804,Emb2,GW4869;25uM,FOV2,0002-0424-0435,1099.2060000000001,221.203,243147.17,42128.773544000025
623,20210804,Emb2,GW4869;25uM,FOV2,0002-0917-1146,971.5989999999999,220.928,214653.516,36971.37727600004
624,20210804,Emb1,DMSO;1percent,FOV2,0002-3012-1700,548.2669999999999,507.691,278349.953,175676.540177
625,20210804,Emb1,DMSO;1percent,FOV2,0002-2774-1830,460.596,542.236,249751.81,163496.457676
626,20210804,Emb1,DMSO;1percent,FOV2,0002-2580-1828,360.787,421.855,152199.807,84635.586297
627,20210804,Emb1,DMSO;1percent,FOV2,0002-2518-1544,556.4590000000001,637.258,354607.593,250400.072529
628,20210804,Emb1,DMSO;1percent,FOV2,0002-3066-2236,732.655,784.375,574676.01,437472.440805
629,20210804,Emb1,DMSO;1percent,FOV2,0002-2198-2904,523.962,429.436,225008.074,126886.234222
630,20210804,Emb1,DMSO;1percent,FOV2,0002-2518-2950,533.212,787.028,419652.888,319798.80997199996
631,20210804,Emb1,DMSO;1percent,FOV2,0002-2142-2290,355.796,553.379,196889.93600000002,130260.37487600002
632,20210804,Emb1,DMSO;1percent,FOV2,0002-2330-1794,459.226,679.2639999999999,311936.173,225937.379206
633,20210804,Emb1,DMSO;1percent,FOV2,0002-2634-1166,534.5409999999999,582.129,311171.999,211069.04047100001
634,20210804,Emb1,DMSO;1percent,FOV2,0002-2316-1040,445.75800000000004,481.849,214788.026,131311.371098
635,20210804,Emb1,DMSO;1percent,FOV2,0002-2470-0902,381.185,547.315,208628.69100000002,137244.55723500001
636,20210804,Emb1,DMSO;1percent,FOV2,0002-2094-2498,631.475,721.1060000000001,455360.88899999997,337105.19722499995
637,20210804,Emb1,DMSO;1percent,FOV2,0002-1820-1448,434.01300000000003,470.965,204405.012,123127.83150299998
638,20210804,Emb1,DMSO;1percent,FOV2,0002-1890-0864,348.26800000000003,399.434,139110.2,73890.399908
639,20210804,Emb1,DMSO;1percent,FOV2,0002-1530-0536,389.147,476.411,185393.87600000002,112518.70645700002
640,20210804,Emb1,DMSO;1percent,FOV2,0002-1926-0626,317.046,614.484,194820.115,135447.227626
641,20210804,Emb1,DMSO;1percent,FOV2,0002-0934-1106,323.814,622.697,201638.15300000002,140997.82903400002
642,20210804,Emb1,DMSO;1percent,FOV2,0002-1408-2278,489.60699999999997,641.384,314026.203,222337.989717
643,20210804,Emb1,DMSO;1percent,FOV2,0002-1504-0914,376.66900000000004,570.9069999999999,215042.927,144504.500039
644,20210804,Emb1,DMSO;1percent,FOV2,0002-0648-1072,522.9580000000001,686.828,359182.659,261248.83729799997
645,20210804,Emb1,DMSO;1percent,FOV2,0002-1018-1646,505.069,610.345,308266.35,213682.58343899995
646,20210804,Emb1,DMSO;1percent,FOV2,0002-0772-2370,545.3240000000001,622.909,339686.87200000003,237564.591844
647,20210804,Emb1,DMSO;1percent,FOV2,0002-0414-1526,577.115,535.798,309217.326,201141.577065
648,20210804,Emb1,DMSO;1percent,FOV2,0002-1846-2118,436.468,933.322,407365.101,325628.17510800005
649,20210804,Emb3,GW4869;25uM,FOV1,0002-0673-1490,412.014,238.94400000000002,98448.32800000001,21374.929090000005
650,20210804,Emb3,GW4869;25uM,FOV1,0002-0616-1283,450.587,213.45,96177.681,11888.623844999995
651,20210804,Emb3,GW4869;25uM,FOV1,0002-0760-1816,303.599,216.65099999999998,65775.129,8982.382065000005
652,20210804,Emb3,GW4869;25uM,FOV1,0002-0618-1903,515.2819999999999,259.139,133529.43099999998,37138.20367
653,20210804,Emb3,GW4869;25uM,FOV1,0002-0526-2114,407.647,245.019,99881.073,23624.586945000003
654,20210804,Emb3,GW4869;25uM,FOV1,0002-0316-2079,343.806,213.905,73541.723,9227.653610000001
655,20210804,Emb3,GW4869;25uM,FOV1,0002-0947-2686,449.61,230.132,103469.614,19363.319350000005
656,20210804,Emb3,GW4869;25uM,FOV1,0002-0925-2447,364.157,229.78799999999998,83679.05099999999,15558.021794999993
657,20210804,Emb3,GW4869;25uM,FOV1,0002-0685-3306,444.09,209.37900000000002,92983.19699999999,9909.501149999996
658,20210804,Emb3,GW4869;25uM,FOV1,0002-0416-3365,452.601,222.88299999999998,100877.01,16211.203934999998
659,20210804,Emb3,GW4869;25uM,FOV1,0002-0450-3128,365.10699999999997,221.396,80833.22099999999,12534.480045000004
660,20210804,Emb3,GW4869;25uM,FOV1,0002-0309-3011,298.675,220.12,65744.49,9872.851125000001
661,20210804,Emb3,GW4869;25uM,FOV1,0002-0215-2854,410.685,226.96099999999998,93209.405,16384.615475
662,20210804,Emb3,GW4869;25uM,FOV1,0002-1137-2905,615.173,223.852,137707.735,22630.397754999984
663,20210804,Emb3,GW4869;25uM,FOV1,0002-2109-2943,553.956,217.99,120756.79699999999,17131.017859999993
664,20210804,Emb3,GW4869;25uM,FOV1,0002-1960-2703,412.55,239.483,98798.82699999999,21625.16124999999
665,20210804,Emb3,GW4869;25uM,FOV1,0002-2242-2278,513.146,258.67900000000003,132740.24,36748.58351
666,20210804,Emb3,GW4869;25uM,FOV1,0002-2373-2547,478.587,229.94299999999998,110047.98800000001,20521.110845000017
667,20210804,Emb3,GW4869;25uM,FOV1,0002-2408-1988,527.638,234.31099999999998,123631.325,24928.72253
668,20210804,Emb3,GW4869;25uM,FOV1,0002-2817-1536,463.329,221.18200000000002,102480.17300000001,15807.533615000008
669,20210804,Emb3,GW4869;25uM,FOV1,0002-2899-1700,384.80699999999996,211.13299999999998,81245.303,9261.381545000011
670,20210804,Emb3,GW4869;25uM,FOV1,0002-3001-1882,162.29399999999998,241.637,39216.161,8856.633890000005
671,20210804,Emb3,GW4869;25uM,FOV1,0002-3153-1950,305.66700000000003,275.736,84283.421,27103.823644999997
672,20210804,Emb3,GW4869;25uM,FOV1,0002-3126-2207,307.783,314.755,96876.367,39300.940104999994
673,20210804,Emb3,GW4869;25uM,FOV1,0002-2917-2277,341.209,227.579,77652.042,13823.780415000001
674,20210804,Emb3,GW4869;25uM,FOV1,0002-2759-2255,294.41700000000003,245.63099999999997,72318.003,17242.88689499999
675,20210804,Emb3,GW4869;25uM,FOV1,0002-3119-2583,384.658,231.52900000000002,89059.265,17103.21622999999
676,20210804,Emb3,GW4869;25uM,FOV1,0002-3247-2806,269.678,230.65200000000002,62201.676,11754.360930000003
677,20210804,Emb3,GW4869;25uM,FOV1,0002-2111-1285,633.096,224.58,142180.659,23750.555760000017
678,20210804,Emb3,GW4869;25uM,FOV1,0002-1947-1107,222.581,224.33700000000002,49933.087,8295.972235000001
679,20210804,Emb3,GW4869;25uM,FOV1,0002-1778-0747,305.457,231.555,70730.092,13589.778295000004
680,20210804,Emb3,GW4869;25uM,FOV1,0002-2106-0806,383.315,267.218,102428.661,30723.840524999992
