,Date,Embryo,Treatment,FOV,ROI,Area,H2BRFP Mean,H2BRFP LRP6 IntDen,H2BRFP CTCF,Surface LRP6 Mean,Surface LRP6 IntDen,Surface LRP6 CTCF,Internal LRP6 Mean,Internal LRP6 IntDen,Internal LRP6 CTCF,Total LRP6 CTCF,Internal / Surface LRP6 CTCF,Internalized Fraction CTCF,Total LRP6 Mean,Internalized Fraction Mean,Total LRP6 IntDen,Internalized Fraction IntDen,Internal / RFP,Norm
0,20210807,Emb8,SMPD3MO,FOV5,0004-0414-0767,335.248,1493.123,500565.833,407192.895288,343.962,115312.489,90531.962584,435.234,145911.18,40381.14406400001,130913.106648,0.44604295445967385,0.30845761053228293,779.1959999999999,0.5585680624643864,261223.669,0.5585679910192212,0.29149239546909395,0.0003740938037016283
1,20210807,Emb4,ControlMO,FOV4,0004-0348-0333,245.85,2259.733,555554.33,484692.24694999994,300.02,73759.715,54106.9577,487.152,119766.147,43897.082850000006,98004.04055,0.8113019973030198,0.44791094942258486,787.172,0.6188634758350144,193525.862,0.6188637826607382,0.21557945120065067,0.00027386575132328216
2,20210807,Emb4,ControlMO,FOV4,0004-0418-0276,193.201,905.623,174966.814,119279.91016700002,230.337,44501.198,29057.096461999994,486.986,94085.924,34464.288601,63521.385062999994,1.1860885221643316,0.5425619823437193,717.323,0.6788936085975216,138587.122,0.6788936998056717,0.5377359011420867,0.0007496426312025219
3,20210807,Emb4,ControlMO,FOV4,0004-0396-0111,233.718,1164.925,272263.777,204898.53670599998,253.471,59240.827,40557.87751599999,435.687,101827.927,29702.78591800001,70260.663434,0.7323555308406443,0.42275128736724205,689.158,0.632201904352848,161068.754,0.6322016186950823,0.37400433504302855,0.0005426975164520016
4,20210807,Emb4,ControlMO,FOV4,0004-0508-0533,363.929,979.071,356311.745,251415.397543,152.672,55561.87,26470.113598000004,345.011,125559.438,13251.312529000003,39721.426127000006,0.5006141163671178,0.33360616224180917,497.683,0.6932344484340435,181121.308,0.693233940205423,0.3523860884450668,0.0007080532958631636
5,20210807,Emb4,ControlMO,FOV4,0004-0693-0457,158.951,2181.288,346717.099,300902.17541699996,398.608,63358.981,50652.755961999996,533.251,84760.525,35708.405351,86361.16131299999,0.7049647086880853,0.4134775958093189,931.8589999999999,0.5722442987619372,148119.506,0.572244178292088,0.24446611359893786,0.0002623423861323847
6,20210807,Emb4,ControlMO,FOV4,0004-0307-0782,127.052,1258.567,159903.745,123283.16588399999,303.98,38621.402,28465.119224000002,663.799,84337.129,45129.008852,73594.128076,1.5854143626403663,0.6132148043848781,967.779,0.6858993633877155,122958.531,0.6858989637734042,0.5274244438317547,0.0005449843857241732
7,20210807,Emb4,ControlMO,FOV4,0004-0878-0645,289.466,2714.772,785834.832,702401.178422,236.826,68553.258,45413.924891999995,436.352,126309.226,36980.307866,82394.232758,0.8142944692391995,0.4488215573851488,673.178,0.6481970593216059,194862.484,0.6481967354988659,0.16073246666755073,0.0002387666659747507
8,20210807,Emb4,ControlMO,FOV4,0004-0862-0433,245.515,2701.584,663279.339,592513.814005,354.63,87067.007,67441.02893,463.952,113907.191,38141.50751500002,105582.53644500002,0.5655534638207961,0.36124825941142896,818.582,0.5667752283827399,200974.198,0.566775198675006,0.17173332385741108,0.00020979367229845153
9,20210807,Emb3,SMPD3MO,FOV11,0004-0641-0153,462.408,2930.344,1355014.699,1223595.570952,267.413,123654.038,89567.169872,495.517,229131.01,80276.32590400003,169843.49577600003,0.896269537361988,0.4726488084646665,762.9300000000001,0.6494920897067883,352785.048,0.6494918401417058,0.1690985768223799,0.00022164363286589843
10,20210807,Emb3,SMPD3MO,FOV11,0004-0723-1089,418.831,2732.354,1144393.767,1025359.4838139999,233.899,97964.211,67089.665004,451.85,189248.816,54422.091128,121511.756132,0.8111844219933915,0.44787510986904416,685.749,0.6589145591171114,287213.027,0.6589144579434414,0.16537022655190362,0.00024115270536581695
11,20210807,Emb3,SMPD3MO,FOV11,0004-0459-0937,315.186,1249.49,393821.378,304243.625684,270.323,85202.025,61967.773823999996,448.093,141232.364,39770.20836800002,101737.98219200002,0.6417885606308016,0.39090816931031364,718.4159999999999,0.6237235807665754,226434.389,0.6237231218443591,0.3586207172526391,0.0004991825310859434
12,20210807,Emb3,SMPD3MO,FOV11,0004-1036-0316,272.878,5874.298,1602964.096,1525410.5311319998,238.831,65171.717,45056.242352,547.201,149318.755,61476.05226400001,106532.29461600001,1.3644291901601766,0.5770649405947084,786.032,0.6961561361369512,214490.472,0.6961556548768283,0.09315172638500806,0.00011850882201361783
13,20210807,Emb3,SMPD3MO,FOV11,0004-0919-0262,226.752,5516.697,1250921.251,1186476.9720879998,178.917,40569.77,23854.519567999996,419.063,95023.265,22029.075176,45883.594743999995,0.9234759523537516,0.48010787513287956,597.98,0.7007976855413224,135593.035,0.7007975372776337,0.0759626638910928,0.00012703211460432255
14,20210807,Emb3,SMPD3MO,FOV11,0004-0975-0557,252.284,4156.873,1048713.791,977013.1644959999,162.155,40909.199,22311.831656000002,389.834,98348.881,17135.633992000003,39447.465648000005,0.7680066009906436,0.4343912520237858,551.989,0.7062350880180583,139258.08,0.7062346472104168,0.0937805893997724,0.00016989575770490423
15,20210807,Emb8,ControlMO,FOV6,0004-0204-0626,137.295,2413.401,331347.414,294588.187995,818.329,112352.239,98785.433575,770.47,105781.512,62305.265415,161090.69899,0.6307130835002766,0.3867713394108974,1588.799,0.48493862345079525,218133.751,0.4849387658492152,0.3192465736112648,0.00020093578458399382
16,20210807,Emb8,ControlMO,FOV6,0004-0101-0725,216.145,1625.893,351429.22,293558.77384499996,324.564,70153.056,48794.687825,489.988,105908.604,37463.479865,86258.16769,0.7677778367875028,0.4343180578520819,814.552,0.6015429340299944,176061.66,0.6015426868064291,0.301365465009075,0.00036997695053118154
17,20210807,Emb8,ControlMO,FOV6,0004-0882-0829,220.524,4154.829,916238.245,857195.369764,360.474,79493.125,57702.045939999996,604.531,133313.474,63481.68258799998,121183.72852799998,1.1001634613443307,0.5238465869890468,965.0049999999999,0.626453748944306,212806.599,0.6264536655651359,0.1455008136315598,0.00015077726398470456
18,20210807,Emb8,ControlMO,FOV6,0004-1018-0247,150.696,2802.273,422290.337,381943.140656,266.667,40185.583,25294.55776,654.579,98642.194,50922.346552,76216.904312,2.0131740208768134,0.6681240469115001,921.2459999999999,0.7105365993448005,138827.777,0.7105364368112009,0.23358859040500335,0.0002535572370517792
19,20210807,Emb8,ControlMO,FOV6,0004-0584-0391,114.744,5284.596,606373.39,575651.946184,253.876,29130.598,17792.16964,578.52,66381.483,30046.30372799999,47838.47336799999,1.688737480360489,0.628078231026881,832.396,0.6950057424591181,95512.08099999999,0.6950061427307819,0.10947289064291765,0.00013151539729037341
20,20210807,Emb8,ControlMO,FOV6,0004-0718-0201,263.186,2122.725,558671.661,488206.504546,547.985,144222.131,118215.40641,599.692,157830.539,74489.27068199999,192704.67709199997,0.6301147451428872,0.3865462520478304,1147.6770000000001,0.5225268085009981,302052.67,0.5225265481016936,0.2825104523666514,0.0002461585031037926
21,20210807,Emb4,SMPD3MO,FOV8,0004-0664-0950,155.93,1144.259,178424.342,131934.28029,449.258,70052.785,58688.6066,362.27,56488.732,8478.664650000006,67167.27125,0.14446866506454092,0.12623208435015895,811.528,0.44640480673494937,126541.517,0.4464047321323009,0.3165979030971135,0.00039012566799557564
22,20210807,Emb4,SMPD3MO,FOV8,0004-0476-0391,219.038,2106.073,461309.957,396004.434414,359.174,78672.829,62709.33956,369.071,80840.471,13399.76599,76109.10555000001,0.21368054717238996,0.17605995883366413,728.245,0.5067951032962809,159513.3,0.5067945494200171,0.1752413140475188,0.0002406351077556575
23,20210807,Emb3,SMPD3MO,FOV7,0004-0500-0628,322.535,5800.455,1870852.652,1777842.911515,597.39,192679.444,168682.84,881.841,284424.863,182588.95224,351271.79224,1.0824394007120108,0.5197939495103252,1479.231,0.5961482689316273,477104.30700000003,0.5961481772999379,0.15202962526215616,0.00010277612168901014
24,20210807,Emb3,SMPD3MO,FOV7,0004-0606-0752,345.254,786.674,271602.481,172041.239766,346.626,119674.152,93987.2544,374.589,129328.423,20319.306055999987,114306.56045599999,0.21619214419779864,0.17776150358247805,721.2149999999999,0.5193860360641418,249002.575,0.5193858858688509,0.47616801877270637,0.0006602303318326802
25,20210807,Emb3,ControlMO,FOV1,0004-0476-0495,161.302,2359.819,380643.903,331807.786876,382.267,61660.517,50146.618938,792.363,127809.935,81497.066062,131643.685,1.6251756905637227,0.6190731143844841,1174.63,0.6745639052297319,189470.452,0.6745639420335579,0.3357727859636693,0.00028585408678789853
26,20210807,Emb3,ControlMO,FOV1,0004-0737-0734,255.728,1632.703,417527.957,340103.236264,456.864,116832.837,98578.716632,455.904,116587.351,43162.98336799999,141741.69999999998,0.4378529650485295,0.304518595219332,912.768,0.4994741270509045,233420.188,0.49947415430922365,0.2792326589710437,0.00030591854553516746
27,20210807,Emb4,SMPD3MO,FOV5,0004-0619-0725,218.92,863.059,188940.714,129148.84576000001,192.855,42219.875,24876.594760000004,406.63,89019.408,19975.542719999998,44852.137480000005,0.8029854131048278,0.4453643425334474,599.485,0.6782988731994962,131239.283,0.6782984939044508,0.47114971282380463,0.0007859241062308558
28,20210807,Emb4,SMPD3MO,FOV5,0004-1050-0190,369.015,989.399,365103.392,264317.27717,260.614,96170.731,66936.62467,443.81,163772.705,47391.278239999985,114327.90290999999,0.7080022106528483,0.41452066410512967,704.424,0.630032480437918,259943.436,0.6300320851340905,0.4485652401104105,0.0006367830172032901
29,20210807,Emb1,ControlMO,FOV9,0004-0273-0738,226.594,5897.956,1336443.932,1273490.227356,423.851,96042.37,77885.845968,499.563,113198.107,42352.359930000006,120238.205898,0.5437747950686804,0.3522371247449267,923.414,0.5409956964048628,209240.477,0.5409952635502737,0.08470103880056074,9.172596343629264e-05
30,20210807,Emb1,ControlMO,FOV9,0004-0096-0300,210.931,1895.603,399840.742,341238.625994,386.541,81533.281,64631.801832,625.185,131870.55,65921.91819499999,130553.72002699999,1.0199610149559724,0.5049409406439479,1011.7259999999999,0.6179390467379509,213403.831,0.6179390003546843,0.3298079819455867,0.00032598547625106673
31,20210807,Emb4,ControlMO,FOV9,0004-0388-0779,250.248,5726.691,1433090.806,1362758.105104,862.972,215956.664,195228.12166399998,831.604,208107.002,128825.18237600001,324053.30403999996,0.6598700088797471,0.3975431843154369,1694.576,0.49074458743662136,424063.66599999997,0.49074471284696203,0.145215448153218,8.569426697487631e-05
32,20210807,Emb4,ControlMO,FOV9,0004-0218-0790,373.227,3321.835,1239796.999,1134900.804196,1009.527,376782.087,345866.948136,683.038,254927.896,136684.73044900002,482551.67858500005,0.39519454283111655,0.283254077262366,1692.565,0.40355200538827163,631709.983,0.40355210913296585,0.20562068856520568,0.00012148466296136672
33,20210807,Emb4,ControlMO,FOV9,0004-0783-1009,227.765,1676.356,381815.651,317801.84222,308.055,70164.213,51297.982520000005,431.313,98238.24,26079.327055000016,77377.30957500002,0.5083889419010238,0.33704101626487715,739.3679999999999,0.5833536209303081,168402.453,0.5833539728782929,0.25729200718701756,0.0003479891031083541
34,20210807,Emb4,ControlMO,FOV9,0004-0900-0352,356.352,2750.566,980170.944,880017.501696,322.777,115022.285,85504.936136,508.415,181174.882,68277.93582400003,153782.87196000002,0.7985262478343994,0.4439892099411408,831.192,0.6116697465808141,296197.167,0.611669867862038,0.18484013835697818,0.00022237959262959482
35,20210807,Emb1,SMPD3MO,FOV6,0004-0174-0673,279.293,1287.17,359497.153,282917.246744,226.827,63351.11,43078.906888,521.334,145604.82,59365.00675300001,102443.913641,1.3780527650653236,0.5794878840829545,748.161,0.6968206041213054,208955.93,0.6968207123865784,0.405023423479416,0.000541358642697783
36,20210807,Emb1,SMPD3MO,FOV6,0004-0901-0373,214.906,947.204,203559.332,144633.826048,148.608,31936.709,16337.971895999997,403.709,86759.377,20400.91722599999,36738.889121999986,1.2486811310401824,0.5552948854347235,552.317,0.7309371248757507,118696.086,0.7309371346920402,0.42621124910790076,0.0007716786720450407
37,20210807,Emb1,SMPD3MO,FOV6,0004-0864-0635,191.636,862.229,165234.126,112689.06788799999,146.859,28143.471,14233.763576000001,335.535,64300.701,5127.528556000005,19361.292132000006,0.36023701873520597,0.26483400596622964,482.394,0.6955621338573863,92444.172,0.695562517451073,0.3891483584987283,0.0008067023190560586
38,20210807,Emb7,SMPD3MO,FOV5,0004-0755-0666,206.788,778.992,161086.493,102931.09018399997,284.529,58837.315,40256.37926,506.076,104650.587,39026.828775999995,79283.208036,0.9694570026763006,0.49224583291684093,790.605,0.640112319046806,163487.902,0.6401121166751531,0.6496549386899995,0.0008217187327299973
39,20210807,Emb7,SMPD3MO,FOV5,0004-0643-0743,216.057,1119.897,241961.214,181199.071776,177.872,38430.386,19016.584264999998,372.999,80588.954,12023.697163999997,31040.281428999995,0.6322742820922682,0.38735786566569663,550.8710000000001,0.6771077076121269,119019.34,0.6771080565561866,0.33306545155491984,0.0006046160563088632
40,20210807,Emb7,ControlMO,FOV2,0004-0218-0816,335.13,1729.65,579656.686,483191.86141,218.845,73341.494,50330.46281000001,541.187,181367.669,72070.71671000001,122401.17952000002,1.4319502084069946,0.5888073709144596,760.032,0.7120581764978317,254709.163,0.7120578893347468,0.3128881565634666,0.00041167760905260115
41,20210807,Emb7,ControlMO,FOV2,0004-0285-0657,243.646,4307.591,1049525.537,979393.741422,237.626,57896.53,41167.064702,533.771,130051.055,50590.054082,91757.118784,1.2288963142796578,0.5513474567688972,771.3969999999999,0.6919536892157994,187947.585,0.6919538497927494,0.1239140391926717,0.00016063588423687375
42,20210807,Emb7,ControlMO,FOV2,0004-0480-0676,349.583,2120.662,741347.782,640722.762531,368.14,128695.513,104692.09547100001,648.73,226785.251,112774.69846099999,217466.793932,1.077203564926627,0.518583533706133,1016.87,0.6379674884695192,355480.76399999997,0.6379677157439664,0.30590919250686816,0.0003008341208874961
43,20210807,Emb7,ControlMO,FOV2,0004-0727-0533,552.662,1781.901,984789.466,825709.577934,400.993,221613.87,183666.439094,596.356,329583.352,149342.03595400002,333008.475048,0.8131155408178147,0.44846316879014503,997.3489999999999,0.5979411419673555,551197.2220000001,0.5979408800431145,0.33467403632412795,0.00033556361546873564
44,20210807,Emb7,ControlMO,FOV2,0004-1023-0388,967.174,952.691,921417.359,643023.093318,228.125,220636.927,154227.858638,390.172,377364.237,61936.87885800004,216164.73749600005,0.4015933269447566,0.28652628349777043,618.297,0.6310430100744464,598001.164,0.6310426462648157,0.40954727188563766,0.0006623795229244807
45,20210807,Emb1,SMPD3MO,FOV3,0004-0850-0560,450.572,1494.268,673274.978,546865.201112,232.59,104798.518,71119.612716,349.461,157457.047,14267.518259999983,85387.13097599999,0.20061299148202721,0.16709213785400748,582.051,0.6003958416015092,262255.565,0.6003954463273258,0.23386768638557476,0.00040179930347267634
46,20210807,Emb1,SMPD3MO,FOV3,0004-0709-0484,408.264,1171.86,478427.744,363887.645744,136.598,55768.186,25251.676792000002,332.394,135704.158,5959.900119999991,31211.576911999993,0.23601997479581832,0.19095158622724293,468.992,0.7087413004912664,191472.34399999998,0.7087402554595561,0.2836465106753367,0.0006048003178632826
47,20210807,Emb1,SMPD3MO,FOV3,0004-0142-0254,397.263,3368.711,1338265.779,1226812.055298,235.694,93632.696,63938.478539,613.851,243860.367,117612.171915,181550.650454,1.839458407557526,0.6478201626977906,849.545,0.7225644315486526,337493.06299999997,0.722564087191327,0.1822213303545481,0.00021449285247343943
48,20210807,Emb3,ControlMO,FOV9,0004-0485-0741,353.834,1110.647,392984.346,291560.306738,338.387,119732.616,94333.349978,476.424,168574.913,58304.31607,152637.66604799998,0.6180668457507071,0.38197856125279744,814.8109999999999,0.584704919300304,288307.529,0.5847052055307235,0.428960776916518,0.0005264543273428048
49,20210807,Emb3,ControlMO,FOV9,0004-0695-0241,726.194,936.904,680374.231,472215.80425800005,190.345,138227.69,86099.306098,448.227,325499.841,99185.11187000005,185284.41796800005,1.1519850317621088,0.5353127529975567,638.572,0.7019208483929767,463727.531,0.7019204581148752,0.47841294305499815,0.0007491918578562763
50,20210807,Emb8,ControlMO,FOV3,0004-0474-1082,303.536,3065.352,930445.253,846419.810408,328.698,99771.88,79090.151104,512.763,155642.067,62150.55071200001,141240.70181600002,0.785819091814287,0.4400328652640515,841.461,0.609372270372602,255413.94700000001,0.6093718406066525,0.1672770370254379,0.00019879357097410085
51,20210807,Emb8,ControlMO,FOV3,0004-0877-0668,178.068,1085.414,193277.523,143984.38310399998,439.267,78219.335,66086.49375200001,453.146,80690.808,25844.439456000007,91930.93320800002,0.391069914421324,0.2811288709266684,892.413,0.5077761081472367,158910.143,0.5077763223710647,0.4174867838446897,0.00046781790924682815
52,20210807,Emb4,ControlMO,FOV1,0004-0184-0293,363.21,1802.026,654514.523,550353.1592000001,489.388,177750.836,148631.92709,480.083,174371.214,63804.64185,212436.56894000003,0.42927951685215543,0.30034679136632453,969.471,0.49520099105594706,352122.05000000005,0.49520106451726037,0.26641291524095656,0.0002748023563788464
53,20210807,Emb4,ControlMO,FOV1,0004-0511-0765,250.572,1614.062,404439.231,332580.19284000003,315.253,78993.672,58905.064188000004,409.944,102720.549,26442.673619999987,85347.73780799999,0.4489032307240372,0.30982278264347163,725.197,0.5652863980408083,181714.22100000002,0.5652862414109019,0.2539828085909959,0.0003502259504534574
54,20210807,Emb4,ControlMO,FOV1,0004-1011-0796,169.557,1725.92,292642.094,244016.53754,332.921,56449.179,42855.624753,476.401,80777.215,29161.520845,72017.145598,0.680459589915525,0.40492469679067433,809.322,0.5886420979535958,137226.394,0.5886419707275846,0.27602727820524703,0.0003410598973032329
55,20210807,Emb4,ControlMO,FOV1,0004-0963-0683,186.628,1739.49,324637.552,271116.37416,378.722,70680.047,55717.89361200001,639.057,119265.849,62453.48638,118171.379992,1.120887426486441,0.5284992557777356,1017.779,0.6278936782936178,189945.896,0.6278937924512988,0.36738181880896126,0.00036096423566310684
56,20210807,Emb4,ControlMO,FOV1,0004-1058-0360,138.741,4026.58,558652.17,518864.02602000005,284.573,39482.009,28359.004288999997,439.925,61035.695,18800.853484999992,47159.85777399999,0.6629588716657637,0.39866221766608495,724.498,0.6072135464832201,100517.704,0.6072133820326815,0.10925524887125054,0.00015080131190320823
57,20210807,Emb4,ControlMO,FOV1,0004-0955-0306,282.067,1895.837,534753.512,453862.33774,192.038,54167.679,31554.085542999994,380.556,107342.426,21477.000195,53031.085737999994,0.6806408686993146,0.4049888833335808,572.594,0.6646175125830867,161510.105,0.6646173996357689,0.2007324469350477,0.00035056680114539733
58,20210807,Emb1,ControlMO,FOV1,0004-0533-0986,176.927,1342.873,237589.988,189450.982132,257.572,45571.397,27029.801253999998,470.264,83202.189,29133.828581,56163.629835,1.077841020998578,0.5187312263575317,727.836,0.6461125858022961,128773.586,0.6461122314323063,0.3501924604932857,0.00048114198870801344
59,20210807,Emb1,ControlMO,FOV1,0004-0712-0914,136.685,5524.566,755123.996,717934.19446,315.02,43058.383,28734.06837,515.456,70454.968,28684.442054999992,57418.51042499999,0.998272910248525,0.49956785438499984,830.476,0.6206753717145348,113513.351,0.620675606695815,0.0933025327238375,0.00011234825897899216
60,20210807,Emb1,ControlMO,FOV1,0004-0962-0187,285.737,1360.988,388884.847,311140.381092,581.965,166289.005,136344.338874,495.793,141666.534,54346.164011000015,190690.50288500002,0.39859494321376243,0.28499669982922343,1077.758,0.46002256536253966,307955.539,0.46002268528769674,0.36428903120380196,0.00033800633463523534
61,20210807,Emb1,ControlMO,FOV1,0004-0589-0323,234.968,2580.044,606226.581,542295.547688,314.74,73953.742,49329.565535999995,601.76,141394.001,69588.48510399999,118918.05063999999,1.4106851408049668,0.5851801701212279,916.5,0.6565848336061102,215347.743,0.6565845503196196,0.23323633240363342,0.0002544859055140572
62,20210807,Emb3,ControlMO,FOV4,0004-0916-0354,688.048,1605.938,1104962.509,906391.8562,595.963,410051.276,360196.00596800004,554.276,381368.405,166782.74695200004,526978.7529200001,0.46303330461364717,0.31648856054983887,1150.239,0.4818789834112736,791419.6810000001,0.48187884905530926,0.34514159326200633,0.00030006076412120115
63,20210807,Emb3,ControlMO,FOV4,0004-0363-0880,399.428,3128.193,1249487.802,1134212.8812,427.448,170734.723,141792.569548,750.306,299693.372,175121.365072,316913.93461999996,1.2350531881201112,0.5525833544743991,1177.754,0.6370651256544236,470428.095,0.6370652075956476,0.23985284795407444,0.00020365275596947617
64,20210807,Emb3,ControlMO,FOV4,0004-0181-0865,322.25,4788.491,1543091.973,1450090.623,484.626,156170.771,132820.85825000002,579.657,186794.502,86292.46100000001,219113.31925000003,0.6496905842723689,0.39382572129968774,1064.283,0.5446455501027453,342965.27300000004,0.5446455274204978,0.1210521226833255,0.0001137405395776551
65,20210807,Emb3,SMPD3MO,FOV2,0004-0214-0167,609.08,1002.532,610621.666,441301.08047999995,184.669,112478.229,56235.17272000001,419.709,255636.026,64191.82764,120427.00036,1.141488938953151,0.5330351785571951,604.378,0.6944478455536105,368114.255,0.6944475051638519,0.41864898078066337,0.0006926939444861714
66,20210807,Emb3,SMPD3MO,FOV2,0004-0745-0268,292.733,1045.686,306106.556,224728.53839799998,173.402,50760.488,23729.230046999997,424.603,124295.202,32284.243639000008,56013.473686000005,1.3605263877106535,0.5763656762295948,598.005,0.7100325248116655,175055.69,0.7100323445641784,0.4060521035951519,0.0006790112182927432
67,20210807,Emb3,SMPD3MO,FOV2,0004-0583-0240,237.536,1056.438,250941.507,184907.924216,121.319,28817.489,6883.177224000003,324.944,77185.777,2524.1740879999998,9407.351312000003,0.3667164168312861,0.26831931797637526,446.26300000000003,0.7281446142745421,106003.266,0.7281452724296249,0.30758454353213344,0.0006892450046993218
68,20210807,Emb3,SMPD3MO,FOV5,0004-0102-0701,301.588,1043.385,314672.406,228911.33438000001,186.86,56354.852,29126.582595999997,425.811,128419.418,33784.722656,62911.30525199999,1.1599274492517948,0.5370214863714969,612.671,0.6950075978787962,184774.27000000002,0.6950070375058172,0.408105349415604,0.0006661084814127059
69,20210807,Emb3,SMPD3MO,FOV5,0004-0876-1010,487.173,918.923,447674.462,309139.511855,304.982,148578.884,104595.44404099998,441.187,214934.362,62065.320675999974,166660.76471699995,0.5933845517369879,0.37240511155334394,746.1690000000001,0.5912695381341224,363513.246,0.5912696837462699,0.4801131324387354,0.0006434375221146086
70,20210807,Emb3,SMPD3MO,FOV5,0004-0543-0421,814.599,607.665,495002.984,263359.539365,232.655,189520.041,115975.599483,404.507,329511.084,73899.69298799994,189875.29247099994,0.6372003535004994,0.3892012068883938,637.162,0.6348573832086659,519031.125,0.6348580424728864,0.6656743435939211,0.0010447489705819259
71,20210807,Emb3,ControlMO,FOV3,0004-0572-0592,765.639,1544.13,1182246.648,973069.479366,383.541,293654.153,240046.407137,523.603,400890.662,162891.77885,402938.185987,0.678584532019402,0.4042599696799533,907.144,0.5771994302999303,694544.815,0.5771991286120249,0.3390925634499685,0.0003738023549182583
72,20210807,Emb3,ControlMO,FOV3,0004-0541-0912,483.051,2416.633,1167356.038,1035383.606494,226.663,109489.554,75667.772133,377.683,182440.18,32283.776649999985,107951.54878299999,0.42665160794288115,0.29905802199184356,604.346,0.6249449818481466,291929.734,0.6249455219933163,0.15628479789856384,0.00025860152611014857
73,20210807,Emb4,ControlMO,FOV6,0004-0364-0551,287.479,2024.792,582084.582,496953.1382510001,279.089,80232.198,59109.103517,484.67,139332.257,47029.93707500002,106139.04059200003,0.7956462588114542,0.4430974391014496,763.759,0.6345849934337926,219564.45500000002,0.6345847600878749,0.23936779679097905,0.0003134074973793815
74,20210807,Emb4,ControlMO,FOV6,0004-0416-0778,383.046,2968.534,1137084.97,1023653.174974,319.466,122370.084,94225.013058,440.992,168920.285,45933.790550000005,140158.803608,0.4874904132061575,0.3277267597008669,760.4580000000001,0.5799031636198185,291290.369,0.579903433058578,0.148555482268352,0.0001953500157383471
75,20210807,Emb4,ControlMO,FOV6,0004-1032-0322,481.86,1606.915,774307.885,631614.20134,356.685,171872.447,136466.81978,456.103,219777.816,65064.616500000004,201531.43628,0.4767797520664111,0.3228509541786907,812.788,0.5611586293104721,391650.263,0.5611583516286315,0.28383766409548733,0.0003492148802584282
76,20210807,Emb1,ControlMO,FOV6,0004-0620-0628,158.892,3333.217,529620.11,484690.69583599997,241.23,38329.476,23802.298224000006,561.685,89246.996,37187.780011999996,60990.078236,1.5623608973398764,0.6097349124246497,802.915,0.6995572383128973,127576.47200000001,0.6995568587286219,0.16851138104719854,0.00020987449611378355
77,20210807,Emb1,ControlMO,FOV6,0004-0921-0343,206.316,1346.667,277839.043,219499.686628,156.811,32352.608,13489.548751999999,398.775,82273.624,14676.456075999988,28166.004827999986,1.0879871777641201,0.5210698558643304,555.586,0.7177556669894489,114626.23199999999,0.7177556355512061,0.2961199762079267,0.0005329867495003954
78,20210807,Emb8,ControlMO,FOV4,0004-0625-0685,273.183,2672.898,730189.035,653917.434132,419.326,114552.498,81063.54039600001,779.196,212862.78,127571.496021,208635.036417,1.5737222356413991,0.6114576832916124,1198.522,0.6501307443668118,327415.278,0.6501308714127872,0.29151729695633727,0.00024323065989304934
79,20210807,Emb3,SMPD3MO,FOV8,0004-0608-0984,333.752,1045.401,348904.832,248429.459904,148.301,49495.751,25108.158607999998,363.678,121378.353,22722.930559999993,47831.08916799999,0.9050018726885045,0.4750661328281463,511.979,0.7103377286959035,170874.104,0.7103379046833218,0.347883730740644,0.0006794882812393555
80,20210807,Emb4,SMPD3MO,FOV7,0004-0524-0716,385.732,6145.487,2370510.848,2262291.421008,329.382,127053.18,99123.48307599999,536.859,207083.657,83942.187588,183065.67066399998,0.8468446122261444,0.45853593021308775,866.241,0.6197570883853339,334136.837,0.6197570398381428,0.08735825167313836,0.0001008475143443203
81,20210807,Emb4,SMPD3MO,FOV7,0004-0882-0998,401.278,3378.172,1355585.475,1243004.524432,267.45,107321.607,78266.270854,550.619,220951.276,92846.88600200001,171113.15685600002,1.1862950028013866,0.5426051842415318,818.069,0.6730715868710342,328272.88300000003,0.6730719698221311,0.1629931809274365,0.00019924136097008505
82,20210807,Emb4,SMPD3MO,FOV7,0004-0389-0208,389.087,2015.607,784246.605,675085.912628,416.988,162244.683,134072.060591,641.951,249774.717,125562.194033,259634.254624,0.9365276663871068,0.4836118185361868,1058.939,0.6062209437937407,412019.4,0.6062207677599647,0.3184901620206717,0.0003007634642039548
83,20210807,Emb7,ControlMO,FOV5,0004-0436-0399,217.139,2316.435,502988.455,441560.48331700003,268.934,58395.973,44371.833545999994,492.818,107009.993,46038.881773,90410.715319,1.0375699648578143,0.5092193067000857,761.752,0.6469533391444985,165405.96600000001,0.6469536473672297,0.21274846909151346,0.0002792883629993928
84,20210807,Emb7,ControlMO,FOV5,0004-0276-0263,225.965,3856.13,871349.268,807424.447395,253.143,57201.359,42607.183509999995,868.011,196139.766,132690.375755,175297.559265,3.114272402536471,0.7569436580369606,1121.154,0.7742121064545995,253341.125,0.774212106305283,0.22509899821842105,0.0002007743790937026
85,20210807,Emb7,ControlMO,FOV5,0004-0786-0771,195.995,3043.229,596457.242,541010.844485,255.662,50108.431,37449.89793,728.573,142796.485,87762.46096499998,125212.35889499998,2.3434632887128934,0.7009089337466713,984.235,0.7402429297881095,192904.91599999997,0.7402428510427387,0.23940787893385612,0.0002432425984991959
86,20210807,Emb7,ControlMO,FOV5,0004-0904-0697,190.79,3631.245,692805.125,638831.20637,570.808,108904.413,96582.05006000001,1038.177,198073.798,144501.30153,241083.35159,1.4961506971557441,0.5993831617860825,1608.985,0.6452372147658306,306978.211,0.6452373194656477,0.28590111655919664,0.0001776903554471898
87,20210807,Emb8,ControlMO,FOV9,0004-0990-0918,348.973,2409.429,840825.955,746750.5116059999,305.213,106511.229,81015.26162,459.401,160318.62,53335.363282000006,134350.624902,0.6583372344357554,0.39698634316665565,764.614,0.6008273455625975,266829.849,0.600827158583746,0.1906679964423106,0.0002493650344386979
88,20210807,Emb8,ControlMO,FOV9,0004-0848-0976,125.95,2954.832,372162.001,338208.6519,335.32,42233.611,33031.704,615.271,77493.613,38881.6253,71913.3293,1.1771001974345616,0.540673414490351,950.5909999999999,0.6472510259407043,119727.22399999999,0.6472513970590349,0.20822537457290297,0.00021904833369230613
89,20210807,Emb8,ControlMO,FOV9,0004-0813-0880,109.696,2932.978,321736.298,292164.669712,266.762,29262.747,21248.357239999998,463.235,50815.105,17186.041064000005,38434.398304,0.8088174003234146,0.4471525982549698,729.9970000000001,0.6345711009771272,80077.852,0.6345712794593942,0.15794015502332442,0.00021635726588372883
90,20210807,Emb7,SMPD3MO,FOV2,0004-0701-0488,726.303,874.275,634988.252,419262.461243,534.706,388358.416,338481.01008100004,382.409,277744.538,44950.626743,383431.63682400004,0.1328010299078318,0.11723244100390419,917.115,0.4169695185445664,666102.954,0.41696938338453904,0.43740127534242657,0.00047693176465593367
91,20210807,Emb7,SMPD3MO,FOV2,0004-0469-0624,877.894,756.886,664465.62,403714.422014,809.865,710975.578,650687.963338,382.385,335692.891,54311.184014,704999.147352,0.08346732546793408,0.07703723361651513,1192.25,0.3207255189767247,1046668.469,0.32072513975769723,0.5052081819454978,0.00042374349502662844
92,20210807,Emb1,SMPD3MO,FOV1,0004-0762-0740,217.916,5830.394,1270538.11,1210642.371988,489.631,106698.585,90296.04768,631.043,137514.68,70636.477516,160932.525196,0.7822765152061636,0.4389198356887255,1120.674,0.56309238904445,244213.265,0.5630925904045384,0.1082333372324409,9.657878850802364e-05
93,20210807,Emb1,SMPD3MO,FOV1,0004-0607-0732,281.565,4084.178,1149963.445,1072573.333795,371.728,104665.67,83472.27245,645.182,181661.09,95249.073065,178721.345515,1.1410863783785725,0.5329473812461075,1016.9100000000001,0.6344533931223019,286326.76,0.634453761848875,0.15797107765626278,0.00015534420711396562
94,20210807,Emb1,SMPD3MO,FOV1,0004-1039-0988,283.258,1313.962,372189.865,294334.420894,232.567,65876.295,44555.46534,441.735,125124.747,38193.150058000014,82748.61539800002,0.8572046047897928,0.4615563641071282,674.302,0.65509964377979,191001.04200000002,0.6550998135392371,0.3361855213468883,0.0004985681806473779
95,20210807,Emb1,SMPD3MO,FOV1,0004-0886-0807,225.522,1025.102,231183.062,169196.761646,166.73,37601.255,20626.21406,355.721,80222.861,11010.384722000003,31636.598782,0.5338054133430244,0.34802681533087193,522.451,0.6808695935121188,117824.11600000001,0.6808696192551956,0.3470103462874914,0.0006641969223668658
96,20210807,Emb1,SMPD3MO,FOV1,0004-0784-0994,203.974,2009.011,409786.801,353723.119282,158.566,32343.467,16990.344020000004,384.05,78336.283,15736.866373999997,32727.210394,0.9262241162083306,0.4808496106006363,542.616,0.707774927388798,110679.75,0.7077743037908921,0.19116371189605236,0.00035230017525478854
97,20210807,Emb4,SMPD3MO,FOV2,0004-0614-0606,192.65,3662.701,705617.599,650127.8489000001,543.671,104738.056,87877.52064999999,761.853,146770.546,88572.13690000001,176449.65755,1.0079043678617943,0.5019683128311064,1305.524,0.5835610835189549,251508.602,0.5835607403996464,0.2080030556684807,0.0001593253403755739
98,20210807,Emb4,SMPD3MO,FOV2,0004-0608-0459,179.721,3324.444,597472.322,545706.563486,289.256,51985.338,36256.335801,436.299,78412.162,24119.526225999994,60375.862026999996,0.6652499678507154,0.3994895545377684,725.555,0.6013313945875916,130397.5,0.6013317893364519,0.13123969000530614,0.00018088179394436832
99,20210807,Emb4,SMPD3MO,FOV2,0004-0773-0410,164.254,2726.577,447850.867,400540.13036400004,352.337,57872.72,43497.374174,801.702,131682.653,82062.50512399999,125559.87929799999,1.8866082535403208,0.6535726665460975,1154.039,0.6946922937613027,189555.373,0.6946922733759702,0.29403240766719585,0.00025478550349441906
100,20210807,Emb3,ControlMO,FOV6,0004-0454-0809,1091.805,1344.908,1468377.866,1172912.505095,951.602,1038963.895,959356.02523,818.207,893322.906,563390.3530499999,1522746.3782799998,0.5872588884975527,0.36998305238878376,1769.809,0.4623137298996671,1932286.801,0.4623138270869967,0.6083739556906496,0.00034375119331557784
101,20210807,Emb8,ControlMO,FOV11,0004-0269-0842,693.666,4103.154,2846219.715,2634115.381182,783.794,543691.289,500841.45918199996,525.157,364283.421,162679.10942399994,663520.5686059999,0.32481158746261907,0.245175684253127,1308.951,0.40120447595058945,907974.71,0.4012043694476909,0.12798861558693628,9.777953153856506e-05
102,20210807,Emb8,ControlMO,FOV11,0004-0370-0517,307.993,3677.65,1132691.439,1038515.495411,397.406,122398.49,103372.838411,555.078,170960.363,81446.50945200001,184819.347863,0.7878908106225824,0.44068172728524835,952.4839999999999,0.5827688444110347,293358.853,0.5827687191018571,0.15093279675879975,0.00015846229097685606
103,20210807,Emb8,ControlMO,FOV11,0004-0146-0754,461.916,3126.551,1444204.353,1302962.911932,272.208,125737.26,97203.322932,458.851,211950.676,77701.25742400001,174904.580356,0.7993683248705095,0.4442494145427594,731.059,0.6276524876925118,337687.936,0.6276524962976469,0.14675948033472028,0.00020074916023839426
104,20210807,Emb8,ControlMO,FOV1,0004-0703-0790,176.326,1806.235,318487.044,267855.385752,294.641,51953.056,39194.811944,721.184,127163.831,72932.47746200001,112127.28940600001,1.860768653928052,0.6504435971685707,1015.825,0.7099490561858587,179116.887,0.7099488670769497,0.39927473446146267,0.0003930546447089436
105,20210807,Emb8,ControlMO,FOV1,0004-0549-0593,201.938,4979.61,1005570.841,947584.748176,295.354,59643.118,45031.692072000005,793.404,160218.045,98109.38790600002,143141.07997800002,2.1786742489963613,0.6854034349962909,1088.758,0.7287239221204345,219861.163,0.7287237218880718,0.15933054998283,0.00014634156532749242
106,20210807,Emb1,ControlMO,FOV3,0004-0263-0711,159.679,3501.446,559106.46,514727.514246,246.8,39408.766,27785.092874,504.728,80594.336,29706.075811000002,57491.168685000004,1.0691371789078152,0.5167067654123129,751.528,0.6716023887333539,120003.102,0.6716021057522329,0.14414844609912592,0.00019180715302573675
107,20210807,Emb1,ControlMO,FOV3,0004-0929-0315,470.191,2067.361,972053.973,841375.669134,684.107,321661.009,287433.925346,589.312,277088.969,127243.329019,414677.254365,0.44268723278169136,0.30684906799107936,1273.4189999999999,0.46277933657342957,598749.978,0.4627790884027389,0.2850551983906052,0.0002238502789660004
108,20210807,Emb4,ControlMO,FOV3,0004-0759-0374,178.747,1110.191,198443.168,147162.44117,179.633,32108.795,16789.104617999998,474.399,84797.422,28214.34416200001,45003.448780000006,1.6805151200112685,0.6269373776202404,654.032,0.7253452430462117,116906.217,0.7253457016747022,0.4273129578604042,0.0006533517593334946
109,20210807,Emb4,ControlMO,FOV3,0004-0873-0556,228.464,2852.777,651756.417,586212.38004,199.25,45521.404,25940.668416,479.421,109530.268,37209.07494400001,63149.74336000001,1.4343915255880508,0.5892197333547485,678.671,0.706411501301809,155051.672,0.7064113955507684,0.1680541451364758,0.00024762240487139685
110,20210807,Emb4,ControlMO,FOV3,0004-1013-0618,148.167,1141.123,169076.756,126569.12537,185.301,27455.541,14756.740098,391.14,57954.099,11051.242482000009,25807.98258000001,0.7488945667273627,0.42821024261556223,576.441,0.6785429905228808,85409.64,0.6785428319332573,0.34276760699766806,0.0005946273894425761
111,20210807,Emb4,ControlMO,FOV3,0004-0180-0731,193.063,2397.01,462773.483,407385.63893,241.067,46541.011,29994.353521999998,405.468,78280.859,17165.994098000003,47160.34762,0.5723075206608217,0.36399210277916105,646.5350000000001,0.6271400620229376,124821.87,0.6271405724012947,0.1691557398592413,0.00026163431192316157
112,20210807,Emb4,ControlMO,FOV3,0004-0358-0666,412.937,1111.985,459180.038,340712.54206999997,315.9,130446.636,95055.457478,437.083,180487.926,49771.06690200002,144826.52438000002,0.5236003089409067,0.3436598863023824,752.983,0.5804686161573369,310934.56200000003,0.5804691663707684,0.3930655539418248,0.0005220111927385145
113,20210807,Emb8,SMPD3MO,FOV2,0004-1050-0540,251.969,1758.795,443162.714,374120.68831,210.198,52963.374,33700.595919,416.823,105026.657,21614.58727100001,55315.18319000001,0.6413710702015795,0.3907532439467278,627.021,0.6647672087537738,157990.03100000002,0.6647676206861431,0.23699350976094427,0.00037796742016765674
114,20210807,Emb8,SMPD3MO,FOV2,0004-0299-0260,166.241,1434.548,238481.282,192929.58559,238.074,39577.704,26868.745790999998,512.139,85138.72,30106.133119,56974.87891,1.120488963391972,0.5284106556252091,750.213,0.6826581250924738,124716.424,0.6826584444082522,0.35700373915686334,0.0004758698385083481
115,20210807,Emb4,SMPD3MO,FOV1,0004-0501-0901,248.821,2385.258,593502.088,523263.900836,250.058,62219.614,41975.039798,528.58,131521.676,52746.93796800001,94721.97776600001,1.2566262765166758,0.5568606062925058,778.638,0.6788520467791195,193741.29,0.6788520712337571,0.2216028622480252,0.0002846031946142176
116,20210807,Emb4,SMPD3MO,FOV1,0004-0657-0312,305.632,967.363,295657.03,209382.00651200002,161.015,49211.243,24344.412216000004,348.014,106364.066,9603.419856000008,33947.83207200001,0.3944814839147483,0.28288757395854025,509.029,0.683682069194486,155575.309,0.6836821773563053,0.3597553348639549,0.0007067482105419435
117,20210807,Emb4,SMPD3MO,FOV1,0004-0534-0404,215.604,738.78,159283.941,98422.38146399999,169.466,36537.481,18995.508352,360.209,77662.452,9403.950431999998,28399.458784,0.4950617934375983,0.3311313255482918,529.675,0.6800566385047435,114199.933,0.6800568963556222,0.4875727550827039,0.0009205130600513597
118,20210807,Emb7,ControlMO,FOV3,0004-0122-0258,569.113,2061.642,1173307.522,1011846.7492220001,1112.388,633074.843,587760.927714,1099.265,625606.131,446752.69582900003,1034513.6235430001,0.7600925389283217,0.4318480546432654,2211.6530000000002,0.4970332145232548,1258680.974,0.4970331195297786,0.5331987803896119,0.000241086092795575
119,20210807,Emb7,ControlMO,FOV3,0004-0118-0512,427.804,1856.925,794399.895,673029.333376,610.286,261082.822,227020.21191199997,664.357,284214.788,149770.108332,376790.32024399994,0.6597214718047022,0.3974892673331222,1274.643,0.5212102525962171,545297.61,0.5212104047182602,0.35777266179301803,0.00028068460093768846
120,20210807,Emb7,ControlMO,FOV3,0004-0569-0331,151.325,2779.405,420594.381,377662.57055,761.249,115196.319,103147.51985000001,821.551,124321.473,76765.019225,179912.539075,0.7442255454773301,0.42667965012154613,1582.8000000000002,0.5190491533990397,239517.79200000002,0.5190490107724439,0.2955852061862161,0.00018674829807064448
121,20210807,Emb7,ControlMO,FOV3,0004-0790-0246,249.893,1568.909,392060.042,321163.898542,876.784,219102.539,199205.558554,756.567,189061.116,110527.99256900001,309733.551123,0.5548439178670732,0.3568486273710388,1633.351,0.46319927559967206,408163.655,0.463199291960476,0.4822249091566177,0.0002952365469250747
122,20210807,Emb7,ControlMO,FOV3,0004-1054-0507,216.175,1155.078,249698.828,188368.68345,491.571,106265.321,89053.03515,487.34,105350.658,37413.989275,126467.024425,0.42013154534239366,0.2958398795662975,978.9110000000001,0.49783892509124933,211615.979,0.49783886121378385,0.4219109012551533,0.00043100026586191523
123,20210807,Emb7,SMPD3MO,FOV4,0004-0498-0287,193.761,1112.765,215610.82,162870.238366,541.326,104888.122,86858.273428,397.896,77096.792,16475.562974000008,103333.83640200002,0.18968328892304318,0.15944015578696857,939.222,0.4236442502411571,181984.914,0.42364386313911717,0.3575741508764204,0.00038071313371750286
124,20210807,Emb7,SMPD3MO,FOV4,0004-0814-0289,198.602,1107.964,220044.121,165985.848212,417.676,82951.4,64471.08669599999,372.934,74065.583,11929.769668,76400.85636399999,0.18504061711030792,0.15614706739885834,790.61,0.471704127192927,157016.983,0.47170428054906643,0.3365939687571077,0.00042573957925792446
125,20210807,Emb7,SMPD3MO,FOV4,0004-1049-0347,302.208,960.454,290256.762,207997.55764799996,317.041,95812.174,67691.115184,369.815,111761.096,17210.487871999998,84901.60305599999,0.2542503225898693,0.20271098839733548,686.856,0.5384170772330736,207573.27000000002,0.5384175717807982,0.3850418656177183,0.0005605860116497757
126,20210807,Emb7,SMPD3MO,FOV4,0004-0701-1007,233.452,2517.931,587816.654,524272.420312,537.31,125436.174,103712.998496,496.728,115962.195,42923.00156800001,146636.00006400002,0.4138632783783169,0.29271803342471187,1034.038,0.48037693005479487,241398.369,0.4803768786026885,0.19727625578302185,0.00019078240430527875
127,20210807,Emb7,SMPD3MO,FOV4,0004-0760-1133,196.654,1704.886,335272.771,281744.73212400003,639.443,125749.116,107450.067992,494.275,97201.209,35674.858636000004,143124.926628,0.3320133649301749,0.2492567820050209,1133.7179999999998,0.43597702426882173,222950.325,0.4359769782798029,0.289916745166539,0.0002557220977055485
128,20210807,Emb3,ControlMO,FOV8,0004-0713-0176,372.912,858.385,320101.866,212629.373424,1348.513,502876.28,475188.30982400005,707.335,263773.56,150140.561184,625328.8710080001,0.31596013218340524,0.2400985595659139,2055.848,0.34405996941408123,766649.8400000001,0.3440600209347203,0.8240300098440677,0.0004008224391317197
129,20210807,Emb3,ControlMO,FOV8,0004-0650-0349,593.917,962.873,571866.994,400701.30243399995,602.269,357698.31,313601.160584,501.938,298109.848,117132.64759399998,430733.808178,0.3735083357978367,0.27193743646329965,1104.2069999999999,0.45456875386589657,655808.158,0.4545686789092977,0.5212920083957074,0.00047209627216247265
130,20210807,Emb3,ControlMO,FOV8,0004-0822-0922,720.606,936.002,674488.335,466811.12701199995,376.818,271537.278,218033.723712,395.115,284721.895,65140.275892000005,283173.999604,0.29876238768477653,0.23003621795466514,771.933,0.5118514171566704,556259.173,0.511851145688882,0.42213050826814474,0.0005468486361745705
131,20210807,Emb3,ControlMO,FOV8,0004-0401-0529,1236.627,890.851,1101650.236,745256.807854,614.318,759682.381,667865.299504,441.571,546059.187,169236.68081400002,837101.9803180001,0.25339942191889014,0.20216972936763336,1055.8890000000001,0.4181983144061544,1305741.568,0.41819851675274233,0.49567323828563925,0.00046943688047288985
132,20210807,Emb1,SMPD3MO,FOV2,0004-0384-0938,569.044,6010.254,3420100.487,3261115.28384,505.708,287770.363,247014.29363200002,494.803,281564.804,99017.195932,346031.48956400005,0.40085613863105046,0.2861508241829718,1000.511,0.49455028480446495,569335.167,0.49455017065545154,0.08232647072819219,8.228442338784101e-05
133,20210807,Emb1,SMPD3MO,FOV2,0004-0479-0562,314.182,1769.093,555817.181,468037.87202,606.157,190443.735,167941.39179599998,667.373,209676.584,108887.94094599999,276829.332742,0.6483686944685275,0.3933396069970721,1273.5300000000002,0.5240339842799149,400120.319,0.524033831933439,0.377240201617439,0.0002962161877752695
134,20210807,Emb8,ControlMO,FOV2,0004-0333-0374,207.438,971.237,201471.278,142145.254628,126.012,26139.631,11514.007372000002,397.399,82435.635,19283.21028,30797.217652,1.6747609808634745,0.6261348183428425,523.4110000000001,0.7592484682209583,108575.266,0.7592487500790465,0.40916789619835325,0.0007817334679598886
135,20210807,Emb8,ControlMO,FOV2,0004-0927-0316,202.056,1353.022,273385.887,215599.08333599998,221.944,44845.065,30598.904664,546.99,110522.462,49008.533359999994,79607.438024,1.6016433888125137,0.6156275666756783,768.934,0.7113614432448039,155367.527,0.711361403081353,0.40427280561587325,0.0005257574845381701
136,20210807,Emb8,ControlMO,FOV2,0004-0289-0921,145.648,1490.412,217075.793,175421.338888,212.025,30881.053,20611.995112,561.824,81828.7,37487.622879999995,58099.617992,1.8187284965042152,0.6452301095191683,773.8489999999999,0.7260124391192597,112709.753,0.7260125927167989,0.37695885433021203,0.00048712197641944625
137,20210807,Emb3,SMPD3MO,FOV3,0004-0768-1006,477.659,768.389,367027.487,234714.51102300003,334.764,159902.968,125739.363343,355.87,169984.55,18661.701140999998,144401.064484,0.14841574384382236,0.1292352047935752,690.634,0.5152801628648459,329887.518,0.5152803326132516,0.46313781170735135,0.0006705980471673149
138,20210807,Emb3,ControlMO,FOV5,0004-0640-0464,563.948,1055.457,595222.651,438927.2825399999,353.683,199458.435,159572.648752,491.787,277342.326,98211.575124,257784.223876,0.615466221135651,0.3809836523248295,845.47,0.5816729156563805,476800.761,0.5816734130590031,0.4659469784178796,0.0005511100079457339
139,20210807,Emb3,ControlMO,FOV5,0004-0469-0801,930.316,1674.023,1557371.083,1299538.6551800002,581.075,540583.128,474785.598584,785.687,730937.111,435434.327708,910219.9262920001,0.9171178085574601,0.4783836467762759,1366.7620000000002,0.5748528273393612,1271520.239,0.5748529111694305,0.4693406243522341,0.00034339601507229063
140,20210807,Emb8,ControlMO,FOV7,0004-0628-0508,166.615,2839.948,473178.684,428652.324785,264.368,44047.773,32884.568,654.814,109101.952,57997.13274,90881.70074,1.7636580398440995,0.6381607327741565,919.182,0.7123877534590538,153149.725,0.7123875148975946,0.2305725316097337,0.0002508453512032804
141,20210807,Emb8,ControlMO,FOV7,0004-0624-0698,225.502,2338.232,527276.643,467013.26301800006,202.641,45695.911,30587.277000000002,606.619,136793.966,67627.09055199998,98214.36755199998,2.210954919328058,0.6885661664134277,809.26,0.7495971628401256,182489.87699999998,0.7495975571291552,0.2594349063737046,0.00032058288606097495
142,20210807,Emb4,SMPD3MO,FOV9,0004-0111-0738,170.325,2988.453,509007.11,460398.73955,270.019,45990.897,28664.41605,364.266,62043.395,10856.304049999999,39520.7201,0.37873801549151037,0.2746990445146266,634.2850000000001,0.5742938899705967,108034.29199999999,0.5742935307985357,0.12189115907126531,0.0001921709626922681
143,20210807,Emb4,SMPD3MO,FOV9,0004-0842-0532,359.776,1663.308,598419.01,495743.976464,246.103,88542.094,51943.520624,348.798,125489.482,17367.439824,69310.960448,0.33435238149752106,0.2505727768269751,594.9010000000001,0.5863126805972758,214031.576,0.5863129373022978,0.2097013902416149,0.0003524979622518955
144,20210807,Emb4,SMPD3MO,FOV9,0004-0652-0290,170.187,3410.653,580448.37,531879.382818,305.786,52040.791,34728.34823799999,496.588,84512.747,33367.128637999995,68095.47687599999,0.9608037908779508,0.4900050659570331,802.374,0.6188984189417902,136553.538,0.6188982595236749,0.14559909788536096,0.0001814603886533723
145,20210807,Emb4,ControlMO,FOV5,0004-0559-0472,236.178,1420.621,335518.985,268889.156174,246.495,58216.685,41078.19225199999,422.402,99761.864,24273.706928,65351.89917999999,0.5909146823961849,0.3714307806287689,668.8969999999999,0.6314903490372957,157978.549,0.6314899372825611,0.2973361649588454,0.0004445171154286018
146,20210807,Emb4,ControlMO,FOV5,0004-0698-0915,190.337,1951.625,371467.222,317769.918571,155.902,29673.963,15861.968258,363.283,69146.388,8310.114712000002,24172.082970000003,0.5239018624191728,0.3437897645111385,519.185,0.6997178269788227,98820.35100000001,0.699718097540455,0.18614385448024084,0.0003585308791283278
147,20210807,Emb1,ControlMO,FOV5,0004-0358-0971,173.945,1903.356,331080.105,282171.29357,229.147,39859.151,27138.031315,647.04,112549.671,59740.14294500001,86878.17426,2.2013440198213585,0.6876311968321974,876.1869999999999,0.7384724950267466,152408.822,0.7384721535345244,0.339946914817827,0.000387984431197709
148,20210807,Emb1,ControlMO,FOV5,0004-0567-0956,234.348,1403.835,328985.479,263092.914448,356.231,83481.905,66343.332716,606.995,142247.739,71099.920548,137443.253264,1.0716965463939203,0.5173038243749352,963.226,0.6301688284992307,225729.644,0.6301686233111677,0.43238343537523993,0.0004488909512152288
149,20210807,Emb1,ControlMO,FOV5,0004-0804-0866,147.055,2600.318,382390.137,341042.09443,281.273,41362.713,30608.139685000002,515.123,75751.473,31105.722055,61713.86174,1.016256537480579,0.5040313663411334,796.3960000000001,0.6468176635744027,117114.186,0.6468172267363067,0.19810000161518707,0.0002487456009512693
150,20210807,Emb1,ControlMO,FOV5,0004-0394-0731,187.641,1467.221,275311.487,222551.716466,324.809,60947.625,47224.875747,484.514,90914.881,33947.261041,81172.136788,0.7188427815642591,0.41821322419614504,809.3230000000001,0.5986657984512981,151862.506,0.5986657496617368,0.33022564426218,0.0004080270105534872
151,20210807,Emb3,SMPD3MO,FOV10,0004-0785-0704,391.173,1468.255,574341.674,463634.238578,217.027,84894.986,50326.636817000006,435.965,170537.862,46737.08392199999,97063.720739,0.9286748902365062,0.4815092968429875,652.992,0.66764217632069,255432.848,0.6676426439875892,0.29692730486189384,0.00045471813569215836
152,20210807,Emb3,SMPD3MO,FOV10,0004-0613-0167,367.638,851.315,312975.594,208928.89306799998,234.96,86380.257,53891.719302,390.001,143379.226,27026.945932000002,80918.665234,0.5015046148471458,0.33400138094027726,624.961,0.624040540129704,229759.483,0.6240405145758444,0.4581159735233139,0.0007330312987903466
153,20210807,Emb3,SMPD3MO,FOV10,0004-0160-0976,246.971,2000.609,494092.72,424196.469406,367.503,90762.69,68937.61575900001,441.901,109136.724,30973.860094000003,99911.47585300001,0.44930274644661283,0.3100130373368913,809.404,0.5459585077414987,199899.414,0.5459581987569009,0.22088324105309934,0.0002728961569909456
154,20210807,Emb3,SMPD3MO,FOV6,0004-0498-0447,768.542,630.0,484181.275,271729.36723,264.778,203492.918,143692.66498,344.086,264444.547,18108.390992,161801.055972,0.12602167963493777,0.111917631706518,608.864,0.5651278446418248,467937.465,0.5651279642676186,0.546168253968254,0.0008970283248282933
155,20210807,Emb3,SMPD3MO,FOV6,0004-0884-0356,837.425,632.325,529525.34,298031.760125,199.288,166888.747,101728.70775,355.584,297775.201,29360.39030000003,131089.09805000003,0.2886146000414522,0.22397278444010182,554.8720000000001,0.6408396891535344,464663.948,0.6408399065210026,0.5623437314672043,0.0010134656848195696
156,20210807,Emb3,SMPD3MO,FOV6,0004-0152-0941,691.216,2028.603,1402203.85,1211127.55504,173.809,120139.285,66355.76804,351.711,243108.669,21557.35181599998,87913.11985599998,0.3248753266333225,0.24521199851979447,525.52,0.6692628253919928,363247.954,0.6692636980413659,0.1733759636557769,0.0003299131596433569
157,20210807,Emb4,ControlMO,FOV8,0004-0468-0401,360.072,2152.967,775222.39,669870.7238800001,555.526,200029.053,173765.04124800002,596.578,214810.931,101582.32980800001,275347.371056,0.5845958949995023,0.36892427706288233,1152.1039999999998,0.5178160999354225,414839.98400000005,0.5178163612117003,0.27709574740346693,0.00024051278999419058
158,20210807,Emb4,ControlMO,FOV8,0004-0507-1060,299.089,2901.898,867925.518,780416.562935,395.791,118376.749,96560.89825099999,461.96,138167.091,44115.26497099998,140676.16322199997,0.4568646912990282,0.3135944566627256,857.751,0.5385712170548329,256543.83999999997,0.538571072297039,0.15919236306720635,0.0001855927455254571
159,20210807,Emb4,ControlMO,FOV8,0004-0726-1169,240.025,4924.864,1182089.468,1111861.753375,334.737,80345.269,62837.605475000004,577.191,138540.131,63061.629474999994,125899.23495,1.0035651263014649,0.5008896956367088,911.9280000000001,0.6329348369608127,218885.4,0.6329345447435051,0.1171993785006043,0.00012851823663776558
160,20210807,Emb1,ControlMO,FOV8,0004-0665-0531,202.233,2647.232,535357.17,478139.994009,320.402,64795.716,50055.559328999996,641.196,129670.931,69801.87367999999,119857.43300899999,1.39448793731808,0.5823741751148519,961.598,0.6668025515860059,194466.647,0.6668029351069132,0.24221375383797114,0.0002518867071665823
161,20210807,Emb1,ControlMO,FOV8,0004-0504-0547,167.324,1776.179,297196.898,249856.42065199997,159.862,26748.73,14552.985611999999,421.528,70531.566,20996.969039999996,35549.95465199999,1.4427945989781275,0.590632793924499,581.39,0.725034830320439,97280.296,0.7250344509642529,0.23732292747521505,0.0004081991906899243
162,20210807,Emb1,ControlMO,FOV8,0004-0094-0762,216.204,2405.401,520058.13,458888.180892,192.712,41665.206,25906.745052,440.168,95166.257,31161.224839999988,57067.96989199999,1.2028228470019373,0.5460370309119458,632.88,0.6954999367968652,136831.463,0.6954998135187666,0.18299152615301983,0.0002891409527130259
163,20210807,Emb4,SMPD3MO,FOV4,0003-1077-0726,296.58,1946.235,577214.396,490781.79001999996,181.961,53965.929,12786.389159999992,377.71,112021.095,18522.767100000012,31309.156260000003,1.4486315775485143,0.5916086318705546,559.671,0.6748786340546499,165987.024,0.6748786278618985,0.19407214442243614,0.00034676112291406224
164,20210807,Emb4,SMPD3MO,FOV4,0003-0612-1113,383.4,1770.032,678630.625,566895.9796,163.359,62632.029,9397.705800000003,431.176,165312.809,44444.042000000016,53841.74780000002,4.729243811824797,0.8254568957362116,594.535,0.7252323244216068,227944.83800000002,0.7252316413500006,0.2435978558579732,0.000409728368990847
165,20210807,Emb4,SMPD3MO,FOV4,0003-1015-0312,290.185,1375.963,399283.199,314714.29426500003,179.164,51990.72,11699.113119999995,359.833,104418.099,12935.826824999996,24634.93994499999,1.1057100390700387,0.5251008061671977,538.9970000000001,0.6675974077777798,156408.81900000002,0.6675972599729174,0.2615135726760095,0.00048518558113683273
166,20210807,Emb4,SMPD3MO,FOV4,0003-0423-0302,246.715,998.567,246361.8,174461.40083499998,133.506,32938.005,-1317.8793200000073,393.042,96969.587,19191.449674999996,17873.57035499999,-14.562372581276934,1.0737334116141681,526.548,0.7464504660543767,129907.592,0.7464504999830956,0.3936060374516682,0.0007475216645997482
167,20210807,Emb4,SMPD3MO,FOV4,0003-0394-0434,235.676,1156.714,272609.523,203926.230644,191.38,45103.764,12380.622752000003,385.878,90942.037,16643.999620000002,29024.622372000005,1.3443588382750198,0.5734441401744622,577.258,0.6684671325473185,136045.801,0.6684663277479618,0.3335984521670871,0.0005779018258163371
168,20210807,Emb4,SMPD3MO,FOV4,0003-0383-0545,149.141,4521.193,674295.41,630831.099229,173.586,25888.763,5180.833431999999,399.309,59553.425,12535.979045000007,17716.812477000007,2.4196838615907095,0.7075753079891902,572.895,0.6970020684418612,85442.188,0.6970025744190915,0.08831938826765413,0.00015416330787954886
169,20210807,Emb1,SMPD3MO,FOV7,0004-0901-0504,708.691,1044.895,740507.051,538426.6471139999,332.165,235402.314,175924.004443,365.982,259368.133,42802.08507399997,218726.089517,0.2432987198621209,0.19568806432061814,698.147,0.5242191114478756,494770.44700000004,0.5242191294420622,0.35025720287684414,0.0005016954923201619
170,20210807,Emb1,SMPD3MO,FOV7,0004-0634-0424,823.808,1165.347,960022.015,725116.459032,234.857,193476.883,124337.148984,345.982,285023.08,33278.888512000005,157616.037496,0.2676504068489009,0.21113897443871826,580.839,0.5956590380466876,478499.963,0.5956595653906038,0.2968918270695338,0.0005111430655819148
171,20210807,Emb1,SMPD3MO,FOV7,0004-0525-0710,181.315,4065.085,737060.444,685359.19701,280.479,50855.022,35637.79799499999,560.407,101610.06,46202.73441,81840.53240499999,1.2964531202652383,0.5645458680713235,840.886,0.6664482462545459,152465.082,0.6664480723527241,0.13785861796247803,0.0001639444799443421
172,20210807,Emb1,SMPD3MO,FOV7,0004-0428-0769,159.767,4009.442,640577.677,595020.7560180001,414.45,66215.478,52806.712991,564.883,90249.748,41427.189538000006,94233.90252900001,0.7845061203688357,0.43962086283385104,979.3330000000001,0.5768038042218531,156465.22600000002,0.5768038707846815,0.14088818344298285,0.00014386136630031138
173,20210807,Emb7,ControlMO,FOV1,0004-0616-0893,299.453,3130.579,937461.012,855211.154849,837.1,250672.181,229889.543894,714.814,214053.311,121649.30207199999,351538.845966,0.5291641368782366,0.3460479644510343,1551.914,0.4606015539520875,464725.49199999997,0.4606016125321569,0.2283328419439343,0.00014712982932297427
174,20210807,Emb7,ControlMO,FOV1,0004-0883-0963,476.006,1043.93,496916.876,366173.735998,286.803,136519.76,103483.991588,395.341,188184.816,41300.78854399998,144784.78013199999,0.3991031647525782,0.28525642340545837,682.144,0.579556515926256,324704.576,0.5795570186235995,0.3787045108388493,0.0005551679862885979
175,20210807,Emb7,ControlMO,FOV1,0004-0784-0412,303.694,2272.632,690183.891,606769.1711019999,248.418,75443.047,54366.076012000005,517.789,157249.324,63536.644255999985,117902.72026799999,1.1686818125695848,0.538890401439232,766.207,0.6757821319826104,232692.37099999998,0.6757820349855819,0.22783671091492155,0.00029735660326115726
176,20210807,Emb7,ControlMO,FOV1,0004-0581-0366,288.807,1900.728,548943.617,469617.864731,200.779,57986.519,37942.735585999995,547.267,158054.605,68935.696168,106878.43175399999,1.816835162339631,0.6449916511375087,748.046,0.7315953831716232,216041.124,0.7315949948492214,0.287924942443106,0.0003849027231521939
177,20210807,Emb4,SMPD3MO,FOV3,0004-0538-0813,576.079,718.616,413979.89,245368.47964800004,228.761,131784.173,58766.15975000002,358.488,206517.545,27297.63986300002,86063.79961300004,0.4645129097958457,0.31717911579256697,587.249,0.6104531467912249,338301.718,0.6104537281717264,0.4988589176973516,0.0008494844907311065
178,20210807,Emb4,SMPD3MO,FOV3,0004-0328-0688,331.804,1018.416,337914.274,240799.22484799998,164.954,54732.335,12676.178,374.972,124417.207,21191.987188,33868.165188,1.6717962770797317,0.6257199665339013,539.9259999999999,0.6944877631379115,179149.542,0.6944879993050722,0.3681913874094672,0.000681929352188017
179,20210807,Emb4,SMPD3MO,FOV3,0004-1079-0877,458.453,655.629,300574.995,166391.303336,183.615,84178.769,26069.851250000007,389.736,178675.741,36049.63734100002,62119.48859100003,1.382809475792464,0.5803273362141451,573.351,0.6797511472030222,262854.51,0.6797514754454851,0.5944459442764124,0.0010367923737403656
180,20210807,Emb3,SMPD3MO,FOV1,0004-0538-0545,505.936,770.049,389595.466,247412.27192000003,303.112,153355.156,116711.22339199999,390.846,197743.234,41702.958816,158414.18220799998,0.35731746788337193,0.2632526850483844,693.9580000000001,0.5632127592736159,351098.39,0.563213160846451,0.5075599085253016,0.0007313985983666182
181,20210807,Emb3,SMPD3MO,FOV1,0004-0756-0255,791.693,717.609,568126.119,345636.63521,260.734,206421.083,149080.34239600002,348.179,275651.142,31477.97863300002,180558.32102900004,0.21114774843611178,0.17433690374172367,608.913,0.5718041822066534,482072.225,0.571804654375182,0.4851931901634455,0.0007968185769780666
182,20210807,Emb3,SMPD3MO,FOV1,0004-0344-0999,405.715,612.16,248362.453,134344.36655000004,187.011,75873.094,46487.96798,333.367,135252.101,10121.886415000015,56609.85439500002,0.21773131532345405,0.17880078518439038,520.378,0.6406246997374985,211125.195,0.640625108718076,0.5445749477260847,0.0010464987907368964
183,20210807,Emb8,ControlMO,FOV10,0004-0115-0686,226.988,2445.024,554991.208,491044.14863999997,472.706,107298.672,89994.92278400001,574.698,130449.489,60486.1127,150481.035484,0.6721058347388646,0.40195173103012855,1047.404,0.5486879943173789,237748.16100000002,0.5486876889028807,0.23504799952883898,0.00022441006481628767
184,20210807,Emb8,ControlMO,FOV10,0004-0637-0630,532.325,2597.343,1382630.145,1232663.546,848.072,451449.675,410869.4756,675.991,359846.598,195770.72487499999,606640.200475,0.47647911685119104,0.32271307559523965,1524.063,0.44354531275938064,811296.273,0.4435452373882654,0.26026250672321677,0.00017076886370393925
185,20210807,Emb3,ControlMO,FOV7,0004-0602-0646,788.377,3552.453,2800673.556,2568287.609595,1045.374,824149.569,749342.840601,601.313,474061.29,230363.710399,979706.551,0.30742097998059204,0.23513541903324478,1646.687,0.36516532893014886,1298210.859,0.3651650937238078,0.16926698256106415,0.00010279244480648972
186,20210807,Emb1,ControlMO,FOV2,0004-0290-1029,334.529,3103.048,1038060.429,940833.254969,507.03,169616.371,126527.02862600001,846.268,283101.573,183439.69690699998,309966.72553299996,1.4498064081566915,0.5918044802762884,1353.298,0.6253375088118064,452717.944,0.625337645109998,0.27272153057252096,0.0002015236337987058
187,20210807,Emb1,ControlMO,FOV2,0004-0576-0675,383.243,2092.691,802008.764,690623.401723,338.156,129595.839,80231.841142,494.507,189516.174,75341.56916900001,155573.410311,0.9390482394097769,0.4842830726561047,832.663,0.593886121996534,319112.01300000004,0.593886053421624,0.23630196718005672,0.0002837906418083387
188,20210807,Emb1,ControlMO,FOV2,0004-0941-0515,384.532,2216.776,852420.663,740660.667052,505.187,194260.193,144730.164208,591.308,227376.522,112817.90215600001,257548.06636400003,0.7795051071306942,0.43804600728996057,1096.495,0.5392710409076193,421636.71499999997,0.5392711638027063,0.2667423321075291,0.00024326817003956168
189,20210807,Emb1,ControlMO,FOV2,0004-1104-0483,363.102,1475.692,535826.761,430295.158822,453.368,164618.828,117849.11178800001,448.142,162721.112,54546.853466000015,172395.96525400004,0.46285332692303116,0.3164044668077543,901.51,0.49710152965579973,327339.94,0.49710130697769417,0.30368261127660784,0.00033685994750652556
190,20210807,Emb1,ControlMO,FOV2,0004-0893-0792,359.265,1687.911,606407.167,501990.746665,247.172,88800.095,42524.60741,423.575,152175.674,45144.52299500001,87669.130405,1.0616094008755956,0.5149420644011007,670.747,0.6314974200406412,240975.769,0.6314978249950102,0.250946288044808,0.0003741295720216535
191,20210807,Emb8,SMPD3MO,FOV3,0004-0532-0516,228.1,1136.123,259149.469,192419.9545,245.32,55957.451,39641.2299,451.249,102929.906,28168.0781,67809.30799999999,0.7105752816211184,0.4154013502099152,696.569,0.6478166556364122,158887.35700000002,0.6478168429725972,0.3971832275202597,0.0005701994023854919
192,20210807,Emb3,ControlMO,FOV2,0004-0677-0648,575.499,1269.064,730344.66,572440.970877,426.634,245527.149,203721.750642,507.927,292311.559,114485.82099399998,318207.57163599995,0.5619715157228635,0.35978345959963887,934.561,0.5434926131092567,537838.708,0.543492974105538,0.4002374978724477,0.0004282625723440714
193,20210807,Emb3,ControlMO,FOV2,0004-0664-0428,195.159,3307.121,645412.806,591865.665057,205.33,40071.823,25895.082921999998,405.885,79212.002,18909.041953999993,44804.12487599999,0.730217470666418,0.4220379709755007,611.215,0.6640625639095898,119283.82499999998,0.6640632290253938,0.12273061675094439,0.00020079778269666874
194,20210807,Emb3,SMPD3MO,FOV4,0004-0399-0828,172.106,1325.672,228155.474,179493.36302999998,219.874,37841.516,21163.928282000004,467.837,80517.345,25820.165034000005,46984.09331600001,1.2200081520763868,0.5495512036454937,687.711,0.6802813972729824,118358.861,0.6802815126786325,0.35290554526308165,0.0005131596633805213
195,20210807,Emb3,SMPD3MO,FOV4,0004-0943-0234,307.482,1107.077,340405.839,253466.84090999997,242.801,74656.932,44861.003754,458.569,141001.617,43280.45509799999,88141.45885199998,0.9647678713417313,0.4910340226007949,701.37,0.6538189543322355,215658.549,0.653818815223504,0.41421599400945014,0.0005905812823608795
196,20210807,Emb3,SMPD3MO,FOV4,0004-1106-0554,303.526,939.409,285135.521,199315.06213,148.172,44974.252,15561.672021999999,374.505,113672.194,17208.29241400001,32769.96443600001,1.1058125624079556,0.5251239270524061,522.677,0.7165132577098284,158646.446,0.7165127039782536,0.398660221479675,0.0007627276912503802
197,20210807,Emb3,SMPD3MO,FOV4,0004-1093-1068,523.814,812.453,425574.116,277468.32657,178.481,93490.688,42731.539957999994,387.025,202729.158,36255.30684600002,78986.84680400002,0.8484437228715526,0.4590043572186755,565.506,0.6843870798895149,296219.846,0.6843874937400378,0.47636601748039575,0.0008423712878031282
198,20210807,Emb3,SMPD3MO,FOV4,0004-0896-1151,443.812,763.201,338717.725,213232.10105999996,186.126,82605.192,39598.47776399999,365.331,162138.312,21089.976468000008,60688.454232,0.5325956364709923,0.34751217072323487,551.457,0.6624832035861364,244743.50400000002,0.6624825964737352,0.47868254889603135,0.000868032410316727
199,20210807,Emb1,ControlMO,FOV7,0004-0815-0338,243.39,5086.04,1237890.034,1169777.09911,228.285,55562.135,32427.42872,542.329,131997.308,54670.60127,87098.02999,1.6859369807597868,0.6276904457687149,770.6139999999999,0.7037621948212724,187559.443,0.7037625293011773,0.10663089554938615,0.0001383713448618714
200,20210807,Emb1,ControlMO,FOV7,0004-0143-0785,130.083,1743.431,226790.249,190386.391367,173.666,22590.983,10226.333684,438.574,57050.85,15722.570318999999,25948.904002999996,1.5374591525014822,0.6059049860904447,612.24,0.7163432640794459,79641.833,0.7163427541905019,0.2515579911106319,0.0004108813391980789
201,20210807,Emb4,ControlMO,FOV7,0004-0957-0381,345.441,2701.644,933258.232,835329.16291,784.792,271099.211,246446.12315300002,534.67,184696.895,78561.87495499999,325007.998108,0.31877910656450775,0.24172289732049582,1319.462,0.4052181874127485,455796.106,0.4052182380864833,0.19790542351249832,0.0001499894832230851
202,20210807,Emb4,ControlMO,FOV7,0004-0391-0721,288.6,3633.687,1048683.615,966868.401,280.162,80854.787,60258.2708,515.447,148758.339,60087.432,120345.7028,0.9971648904335968,0.49929021645133476,795.6089999999999,0.6478647174680026,229613.126,0.6478651355497856,0.14185233896040028,0.00017829403508557633
203,20210807,Emb1,SMPD3MO,FOV5,0004-0309-0949,739.841,2514.72,1860493.076,1659621.065613,270.827,200368.817,138178.52238100002,443.084,327811.675,99288.10723799997,237466.62961899998,0.7185494932724248,0.4181139362499118,713.9110000000001,0.6206431894171682,528180.492,0.6206432838113983,0.17619615702742256,0.00024680409326571876
204,20210807,Emb1,SMPD3MO,FOV5,0004-0536-0618,200.226,3102.24,621147.917,566785.156418,799.316,160043.519,143212.721666,537.804,107682.2,45835.992668,189048.714334,0.3200553144636024,0.2424559872278195,1337.12,0.40221072155079574,267725.719,0.4022108910649709,0.17335989478570324,0.00012965171023221792
205,20210807,Emb1,SMPD3MO,FOV5,0004-1019-0846,207.28,920.523,190806.286,134528.31504,201.238,41712.611,24288.861479999996,340.203,70517.309,6492.248039999991,30781.109519999987,0.2672932218476299,0.2109166349504608,541.441,0.6283288483879129,112229.91999999998,0.6283289607619786,0.3695757737720839,0.0006825781087359174
206,20210807,Emb3,SMPD3MO,FOV9,0004-0533-0668,633.136,1126.157,713010.864,529163.9979999999,307.581,194740.371,138044.94160800002,442.519,280174.471,67762.40808800003,205807.34969600005,0.49087208338587207,0.3292516432872417,750.1,0.5899466737768297,474914.84200000006,0.5899467572335841,0.39294609898975014,0.0005238582842151048
207,20210807,Emb7,SMPD3MO,FOV3,0004-0670-0562,174.595,4839.389,844932.106,796080.948785,201.373,35158.679,20891.473979999995,413.776,72243.126,15808.78415,36700.258129999995,0.7567098503980236,0.4307540315929653,615.149,0.6726435383947629,107401.805,0.6726434997996543,0.08550170279760523,0.0001389934841763625
208,20210807,Emb7,SMPD3MO,FOV3,0004-0906-0171,220.091,2464.154,542337.577,480756.775473,538.145,118440.821,100455.864844,903.413,198832.816,127692.80206999999,228148.666914,1.2711333705433405,0.5596912039732997,1441.558,0.6266920928606411,317273.637,0.6266918924625307,0.3666219724903557,0.0002543234281869725
209,20210807,Emb7,SMPD3MO,FOV3,0004-0785-0212,156.816,2465.214,386583.905,342707.258648,485.286,76100.338,63285.961744,701.531,110011.046,59323.410319999995,122609.372064,0.937386565443549,0.48384074823443507,1186.817,0.5911029248822691,186111.38400000002,0.5911032610450094,0.2845720493231014,0.00023977753042221452
210,20210807,Emb7,SMPD3MO,FOV3,0004-0674-0214,107.669,4998.455,538179.86,508054.396807,475.837,51232.962,42434.681996,786.176,84646.972,49845.12112999999,92279.80312599998,1.174631664134976,0.5401520098817382,1262.013,0.6229539632317576,135879.934,0.6229541736456833,0.15728380069441458,0.00012462930310100972
211,20210807,Emb7,ControlMO,FOV4,0004-0439-0896,163.969,1941.444,318335.807,271535.61105099996,394.973,64763.158,53218.756586,737.847,120983.677,69332.130248,122550.886834,1.3027762145468627,0.5657415628653353,1132.82,0.6513364877032538,185746.835,0.6513364117348217,0.3800506221142613,0.0003354907417897471
212,20210807,Emb7,ControlMO,FOV4,0004-0272-0550,232.478,2430.177,564963.193,498609.08976199996,412.779,95962.053,79594.206932,586.617,136375.568,63143.13817600001,142737.345108,0.7933132398686416,0.44237293420459606,999.396,0.586971530804606,232337.62099999998,0.5869715262342297,0.24138859021379921,0.00024153447703793014
213,20210807,Emb7,ControlMO,FOV4,0004-0344-0423,291.08,1469.069,427616.388,344536.04332,269.091,78327.014,57833.235519999995,426.5,124145.52,32452.991360000015,90286.22688,0.5611477737360391,0.35944564837263043,695.591,0.613147668673114,202472.53399999999,0.6131474602871322,0.290319923706783,0.00041737159294295503
214,20210807,Emb4,SMPD3MO,FOV6,0004-0761-0939,234.948,2950.151,693131.518,625610.7520720001,332.103,78026.991,61256.637707999995,430.533,101152.856,26018.130235999997,87274.76794399999,0.42473977040698857,0.2981174381660296,762.636,0.5645327521910847,179179.847,0.5645325503598627,0.14593591989020224,0.00019135723974504515
215,20210807,Emb8,ControlMO,FOV8,0004-0639-0576,270.28,2602.119,703300.777,630082.19528,369.909,99979.072,81605.97816,446.015,120549.005,32686.65288000001,114292.63104000001,0.4005423820288414,0.2859909040729001,815.924,0.5466379221594168,220528.077,0.5466379004429446,0.1714045360723318,0.0002100741442491357
216,20210807,Emb8,ControlMO,FOV8,0004-0859-0936,294.642,3031.197,893116.777,813298.553842,232.252,68431.036,48401.86212399999,423.896,124897.385,29115.458281999992,77517.32040599998,0.6015359121392798,0.3755993902976347,656.148,0.6460371745398904,193328.42099999997,0.6460373718150836,0.13984442449632933,0.00021312939229614254
217,20210807,Emb8,ControlMO,FOV8,0004-0966-0183,189.54,5199.218,985461.82,934115.62354,694.326,131602.858,118718.30788000001,779.786,147800.975,86185.50134000002,204903.80922000002,0.7259663895067977,0.4206144418109125,1474.112,0.5289869426475057,279403.833,0.5289869269617358,0.14998140104915778,0.00010174355886741154
